nose_y,nose_x,left_shoulder_y,left_shoulder_x,right_shoulder_y,right_shoulder_x,left_elbow_y,left_elbow_x,right_elbow_y,right_elbow_x,left_wrist_y,left_wrist_x,right_wrist_y,right_wrist_x,left_hip_y,left_hip_x,right_hip_y,right_hip_x,left_knee_y,left_knee_x,right_knee_y,right_knee_x,left_ankle_y,left_ankle_x,right_ankle_y,right_ankle_x
0.3682657,0.5573189,0.38073105,0.52101845,0.4006765,0.5942257,0.4445642,0.5037544,0.45187363,0.595013,0.49994284,0.51671153,0.5126877,0.57109535,0.48799822,0.514689,0.49107966,0.572348,0.564757,0.5044473,0.56742233,0.5839705,0.6647692,0.47422236,0.6695156,0.5833483
0.109103836,0.5585315,0.17975248,0.45276743,0.20261802,0.6496793,0.32770267,0.42216522,0.33254805,0.65079844,0.34822965,0.5075589,0.33145288,0.57918984,0.4358659,0.4658267,0.4411818,0.5783144,0.67747855,0.4177104,0.6768683,0.61915135,0.89963275,0.34673405,0.89296055,0.640675
0.14021583,0.54693216,0.21403497,0.44802776,0.22788759,0.63013834,0.3377784,0.4227241,0.3540751,0.6350723,0.34206057,0.5018777,0.34653324,0.5625718,0.45178637,0.45680785,0.4533003,0.5650992,0.6771242,0.41994914,0.6762484,0.61627173,0.8943519,0.35605493,0.8805959,0.63795626
0.123159386,0.5467083,0.20376703,0.44176513,0.22279271,0.6240037,0.33194196,0.4202813,0.3454765,0.62570006,0.33032933,0.4915138,0.3249957,0.5633667,0.4499326,0.4481034,0.45090327,0.55556387,0.67446864,0.42097497,0.67082435,0.6135818,0.88502157,0.35625005,0.8786669,0.63786525
0.1265006,0.5385957,0.20079845,0.43477914,0.21869832,0.61708343,0.31761405,0.4155879,0.3372528,0.629232,0.32029432,0.47899598,0.31513804,0.5638424,0.44398338,0.44159123,0.44569767,0.54989576,0.6700556,0.41943556,0.664852,0.60814846,0.8801364,0.36002913,0.8788256,0.64249396
0.12695006,0.53359455,0.19625852,0.43461844,0.21472028,0.6064056,0.31993484,0.40985334,0.32809266,0.62780434,0.31349137,0.49755737,0.30794165,0.54480284,0.43628517,0.4316488,0.43853697,0.5438561,0.6717379,0.4103829,0.65990627,0.59805036,0.8820537,0.3572795,0.8745469,0.639496
0.13194808,0.531729,0.19707826,0.43139672,0.21087772,0.6061159,0.31675726,0.40599397,0.3345042,0.6227159,0.3252462,0.48982382,0.3221899,0.55077606,0.43174732,0.4282914,0.4380182,0.54186475,0.6660949,0.40268752,0.65957195,0.5984027,0.8842581,0.3541067,0.87571037,0.6412045
0.13144179,0.5303731,0.19805165,0.43396795,0.21160796,0.60366035,0.32447156,0.40246814,0.3357609,0.62027097,0.3217829,0.49427828,0.30707136,0.5507506,0.43258378,0.42787346,0.43596688,0.53665334,0.6669111,0.4012735,0.6588627,0.5984322,0.881703,0.3472288,0.87895584,0.6435476
0.13570797,0.52664685,0.20256655,0.43354848,0.21354827,0.5950645,0.32325926,0.39895856,0.34050205,0.618846,0.32215115,0.48297647,0.30384627,0.5533142,0.43933573,0.42500418,0.43931168,0.5361884,0.6695245,0.4003559,0.66370755,0.5998753,0.8811372,0.33955187,0.8830105,0.63790673
0.14415902,0.53445506,0.20749137,0.43345568,0.22350705,0.6072636,0.32117784,0.40194875,0.33923697,0.6319848,0.3192642,0.48314786,0.3094968,0.57500494,0.44588256,0.42680493,0.4460556,0.53787684,0.6801998,0.40900853,0.67050564,0.6134518,0.8969885,0.33507085,0.89377284,0.6409642
0.14167234,0.53951126,0.20821664,0.44517037,0.21879628,0.60263526,0.31987065,0.40495783,0.35125875,0.6356214,0.30736274,0.48547646,0.286843,0.67091125,0.44463828,0.43567738,0.4462849,0.5407221,0.68000877,0.41515183,0.67401856,0.6184307,0.89216775,0.34079808,0.89075285,0.6437926
0.14141488,0.53823364,0.21549991,0.43050373,0.22392339,0.59267366,0.32205492,0.40174124,0.3636875,0.6038224,0.3118563,0.48825794,0.28660792,0.66820276,0.45063752,0.41723338,0.45299795,0.52531064,0.6821927,0.4000322,0.6737803,0.61120194,0.90015626,0.33259264,0.89114213,0.6400242
0.14380422,0.5351859,0.21530852,0.42967436,0.22557189,0.590278,0.33635357,0.41039464,0.38392064,0.5925777,0.32498717,0.501465,0.2965366,0.6507413,0.45758748,0.41114736,0.4593705,0.5146565,0.67937243,0.40182266,0.67475873,0.6024976,0.89246976,0.3334445,0.8804229,0.6400776
0.13614608,0.54087764,0.2085809,0.44275692,0.2233701,0.6019039,0.34992656,0.4381845,0.37952164,0.5944287,0.3891848,0.5162183,0.44959986,0.5533743,0.4479684,0.40815926,0.45789054,0.51979333,0.67932093,0.41969198,0.6685265,0.6147588,0.8779678,0.3409176,0.87668324,0.64564484
0.13417627,0.54743576,0.21207324,0.45448706,0.22334398,0.60479194,0.35009617,0.47403294,0.38396713,0.5952433,0.43550915,0.55144036,0.45931384,0.59226924,0.45821965,0.40632153,0.4615405,0.5169874,0.67957115,0.42229027,0.67112017,0.61629003,0.88956314,0.34780702,0.8900849,0.65356684
0.12266853,0.56056494,0.20361373,0.46473375,0.21505001,0.60272866,0.3477498,0.46747273,0.37597448,0.6096669,0.4111283,0.5532325,0.41265795,0.5899159,0.44474584,0.39934784,0.44829562,0.506203,0.67702043,0.42218655,0.65988994,0.6126453,0.8875552,0.3478848,0.8788566,0.6563215
0.14139354,0.5803278,0.20278423,0.46455154,0.21464464,0.5849401,0.36095172,0.49739644,0.36838794,0.58680236,0.39927137,0.5563518,0.31504598,0.6656583,0.44955558,0.39038447,0.44635057,0.48168737,0.676373,0.42183694,0.65657175,0.5973378,0.88602465,0.34574077,0.8787673,0.6481838
0.12560311,0.56612587,0.19445084,0.47639114,0.21188499,0.58352643,0.35834303,0.52336574,0.35595545,0.6141908,0.30846706,0.61207783,0.27861834,0.68787163,0.4388045,0.36918458,0.44000304,0.46172625,0.67741865,0.41670838,0.6423889,0.5820319,0.8855521,0.33792287,0.8787668,0.63662916
0.13474287,0.57570523,0.1991466,0.4703679,0.20042704,0.554527,0.346042,0.5295465,0.3386755,0.5930129,0.31131583,0.6650798,0.2928889,0.6957677,0.44412813,0.36301193,0.44145215,0.44024286,0.67903435,0.40548626,0.634409,0.5712402,0.8944746,0.32067528,0.8838347,0.595738
0.140401,0.57619566,0.19474182,0.47584623,0.19894493,0.5376887,0.31777582,0.53600353,0.32371086,0.5811962,0.28166,0.6831589,0.30157846,0.71418893,0.43679714,0.3598661,0.4368448,0.42493874,0.66484255,0.4064463,0.63020164,0.56538236,0.8747237,0.31686503,0.8782637,0.5483403
0.14027789,0.5749679,0.19521224,0.48066676,0.19923936,0.52064764,0.3102592,0.556614,0.31124067,0.5879663,0.27958086,0.67543733,0.2878979,0.7027171,0.4414679,0.35353372,0.43838552,0.40690845,0.67335004,0.4042462,0.64943576,0.5431947,0.8798832,0.30681142,0.9012164,0.4951602
0.14129347,0.5678251,0.19411784,0.47767144,0.19370338,0.5094698,0.29401913,0.5907376,0.28865308,0.6025545,0.26542163,0.70472133,0.25742128,0.71022946,0.44243312,0.34731606,0.4375621,0.3941508,0.6590427,0.40395203,0.64960736,0.5294629,0.85594726,0.30558828,0.89037424,0.47856283
0.1501766,0.56427574,0.19888774,0.46932602,0.20036328,0.5002239,0.2699301,0.5703878,0.25789088,0.64488465,0.2443915,0.67023456,0.1967578,0.6902699,0.44693947,0.34537497,0.4439509,0.38682988,0.6538701,0.4155032,0.65408415,0.510079,0.83899283,0.2984957,0.8948141,0.4649023
0.14488693,0.5746643,0.2194693,0.49149722,0.1840569,0.5062373,0.3528578,0.5125817,0.1779962,0.6663683,0.27333385,0.6547052,0.09881706,0.64598405,0.44456744,0.3631371,0.43843767,0.39358732,0.64189315,0.43045348,0.64455664,0.5222689,0.81128025,0.30150375,0.8818511,0.47036922
0.20832147,0.6155419,0.25493696,0.52706784,0.22591329,0.5213585,0.30551094,0.6682197,0.21640825,0.6496657,0.32364085,0.8156231,0.1294869,0.6527213,0.46156612,0.38732928,0.4578756,0.39624923,0.653894,0.45685628,0.6598185,0.5467455,0.79819345,0.31696638,0.89566237,0.48504496
0.18305618,0.5852217,0.23094508,0.51145154,0.1710375,0.48000464,0.29528752,0.60386604,0.23664585,0.44297853,0.32287508,0.7401856,0.14761266,0.5778929,0.44171354,0.33029088,0.43751186,0.32923484,0.630285,0.4266335,0.6445275,0.48641706,0.78639,0.26015383,0.8802884,0.4187501
0.23053579,0.58502555,0.2621074,0.52060443,0.23271497,0.44818872,0.3108324,0.6293151,0.15854853,0.4889592,0.33254868,0.7382113,0.08079677,0.5297787,0.46222192,0.3260985,0.45585218,0.3200356,0.63262635,0.37982482,0.64688635,0.49196884,0.78743875,0.2587178,0.8910783,0.4207786
0.21000063,0.58360153,0.27582392,0.5227968,0.23839141,0.47276774,0.33623114,0.6269987,0.2423972,0.46289134,0.36199832,0.7052346,0.16022745,0.52106327,0.47901222,0.33805737,0.47157517,0.33495873,0.6455837,0.43367997,0.65497196,0.49599314,0.7920048,0.27992755,0.879692,0.42393163
0.17587149,0.5960464,0.24760582,0.5464802,0.2043043,0.48061797,0.30546772,0.62604314,0.15730666,0.47634417,0.33762357,0.70270455,0.09803253,0.50813776,0.4578236,0.3316669,0.45602494,0.3303655,0.63416654,0.44636917,0.6458524,0.50246537,0.7911234,0.29016858,0.88620645,0.42168933
0.19763649,0.58850515,0.25126672,0.5150949,0.24074942,0.47887275,0.31229493,0.5904435,0.2738906,0.47793263,0.22796512,0.60022146,0.19914661,0.4830938,0.4676058,0.3366905,0.46764526,0.3332343,0.63645005,0.43658152,0.6552587,0.50508344,0.7994312,0.30541238,0.88505805,0.4324178
0.14539331,0.64398706,0.19745435,0.5278519,0.19170423,0.54416066,0.2280635,0.50972646,0.21205515,0.5254362,0.074111685,0.45653388,0.14895222,0.59840906,0.44366077,0.36316895,0.44647846,0.38544843,0.6098012,0.42647287,0.64106333,0.55766505,0.78362495,0.36335126,0.89148045,0.48579934
0.18548672,0.63323164,0.21631774,0.5080515,0.22979446,0.5399966,0.30519107,0.45054194,0.33306062,0.5192811,0.2157932,0.46254578,0.27356902,0.5790302,0.46874273,0.36165008,0.4725084,0.38209295,0.62284404,0.44173333,0.64270294,0.54618406,0.7861275,0.37156394,0.88247305,0.48217824
0.14968777,0.6390451,0.18791476,0.52778745,0.20048173,0.54092294,0.2567704,0.46593735,0.2741806,0.46919927,0.20811893,0.47687322,0.23877195,0.55522126,0.4469775,0.36161172,0.45390764,0.38937998,0.6090805,0.4444286,0.6383665,0.55608,0.78096366,0.37969515,0.88658524,0.48390448
0.13849327,0.63482535,0.18053772,0.52680594,0.19173923,0.532849,0.2895681,0.4685742,0.3082581,0.489551,0.24024424,0.49577534,0.21905118,0.557444,0.4425546,0.3603867,0.4462121,0.38274232,0.6085011,0.44818234,0.63839436,0.55111694,0.7813214,0.37263513,0.8852103,0.48341537
0.14881527,0.6260397,0.17666839,0.51020026,0.19959319,0.5360713,0.29683238,0.46031937,0.32928675,0.49940434,0.26211393,0.49254075,0.29892555,0.5307888,0.44476393,0.36026207,0.44630465,0.39114988,0.6046425,0.45471105,0.6422683,0.55270225,0.7882948,0.3731878,0.8874621,0.4916306
0.142699,0.6324828,0.16267486,0.515229,0.1806573,0.5373897,0.28456926,0.45721698,0.30019155,0.48873767,0.391703,0.48912898,0.37903842,0.54808426,0.43115252,0.37055027,0.43280053,0.39529997,0.6028792,0.4640644,0.63911235,0.56057984,0.7828437,0.3847697,0.8838885,0.497117
0.13299556,0.6033215,0.1712171,0.47076488,0.1918985,0.51875496,0.33554685,0.4644714,0.3619359,0.50783116,0.43476546,0.5116675,0.4372018,0.58736414,0.4392159,0.35201114,0.44281283,0.40009165,0.5777261,0.43779662,0.64300734,0.54638445,0.7821105,0.37441084,0.8820682,0.49451748
0.1379917,0.6218282,0.1779164,0.44317713,0.20838077,0.5470651,0.313171,0.38753232,0.37942898,0.5608656,0.38438419,0.46232536,0.47548124,0.66229373,0.44325045,0.3628776,0.44743845,0.42151564,0.5986185,0.48201257,0.6383272,0.56225646,0.7866479,0.3994023,0.8814538,0.51804286
0.13021639,0.5696111,0.16998142,0.40721413,0.21938808,0.5424509,0.27744985,0.36955193,0.37502992,0.55680597,0.34025314,0.43095797,0.45923224,0.684743,0.4438862,0.3374501,0.45362148,0.4161919,0.60480994,0.4302008,0.647826,0.53746265,0.785281,0.38569918,0.87683535,0.50810754
0.1398757,0.54787683,0.16418919,0.3912933,0.21739417,0.53186244,0.2923727,0.35310182,0.36606094,0.5522797,0.32299742,0.43680218,0.42632112,0.67252624,0.4465646,0.3278152,0.4544277,0.4085248,0.63181335,0.41966012,0.66221607,0.5182063,0.8094459,0.37300384,0.88761055,0.5029611
0.1311672,0.5415768,0.15200184,0.37876672,0.20652899,0.53381276,0.22287327,0.3210399,0.34429312,0.5667368,0.26094255,0.41657245,0.36661676,0.6454693,0.43752262,0.3240822,0.44971427,0.41375017,0.61950344,0.4104698,0.6485756,0.5037131,0.7976301,0.376855,0.87676144,0.5008323
0.13618374,0.55930096,0.15315999,0.39434895,0.20443003,0.5498019,0.21954212,0.33114663,0.3285715,0.5760222,0.2615209,0.4106991,0.29271084,0.62935936,0.43606338,0.33683836,0.44733623,0.42880857,0.6223458,0.41285506,0.64538777,0.50186926,0.80651903,0.39280832,0.87366086,0.5078618
0.13939767,0.58036005,0.15990639,0.41001105,0.19643435,0.55912405,0.21644194,0.331948,0.2998186,0.6175989,0.20906495,0.4206345,0.2433253,0.6689443,0.43482214,0.35544175,0.44590414,0.44707492,0.63465726,0.43313393,0.65742636,0.509309,0.82165074,0.4062751,0.8824035,0.5238038
0.14280629,0.58451986,0.15774214,0.40785214,0.19097221,0.5567305,0.21571924,0.31398982,0.28027362,0.6184593,0.19480631,0.39194012,0.24115384,0.6852184,0.43103826,0.35432735,0.44095466,0.44822374,0.63233733,0.43300104,0.65016115,0.51524866,0.8290277,0.4107627,0.8670075,0.50263363
0.12552026,0.5401579,0.17014262,0.38077393,0.19530085,0.55799776,0.22872707,0.29423502,0.24596596,0.6093716,0.21231537,0.3788851,0.13570471,0.55848587,0.44494364,0.3554749,0.4526905,0.45842114,0.6462135,0.43523595,0.6614239,0.5162858,0.84668005,0.41644943,0.86789006,0.48894763
0.1272763,0.6108224,0.16923822,0.43638632,0.19408138,0.60470694,0.2353926,0.33084565,0.22744827,0.6385011,0.21755539,0.4085821,0.13033818,0.61582774,0.4428421,0.40486172,0.4515953,0.50909185,0.6577814,0.49060643,0.68351305,0.56525534,0.8604185,0.46495935,0.8886967,0.5428365
0.1068664,0.588178,0.1738303,0.4557931,0.19030166,0.6325332,0.24203114,0.34881744,0.20575802,0.6372623,0.20434238,0.41121438,0.115740515,0.6197221,0.44697258,0.42908478,0.45493636,0.5296292,0.65904164,0.50301623,0.6704653,0.57969314,0.8600652,0.48329577,0.8760156,0.5562173
0.14270084,0.6055667,0.1979672,0.46878716,0.21382597,0.63326883,0.27180207,0.36033994,0.16871592,0.6394205,0.21771628,0.42475843,0.13716301,0.6269391,0.46067023,0.44414026,0.47015348,0.5452234,0.66895187,0.5102122,0.6834107,0.58382875,0.86926174,0.48163554,0.8763911,0.56092376
0.1036239,0.57898,0.18676628,0.46840742,0.1906864,0.63017446,0.2603706,0.3597488,0.12903531,0.6460452,0.17244543,0.40877563,0.11624498,0.58117133,0.4570712,0.45119926,0.46501708,0.55371857,0.6740635,0.512044,0.6826694,0.5825487,0.8748361,0.4856264,0.87725765,0.56500024
0.12524872,0.5465863,0.21160305,0.46296406,0.21959227,0.6324645,0.28801012,0.35648692,0.15472138,0.6256604,0.15797791,0.39997876,0.14947513,0.5874607,0.47424367,0.457124,0.47632554,0.56034607,0.6821117,0.5091498,0.6840637,0.5807841,0.88144284,0.48489103,0.88172317,0.56175315
0.12024627,0.5420909,0.21140257,0.4751512,0.21516511,0.6418921,0.28032276,0.36178273,0.14363046,0.6117706,0.1405519,0.39266884,0.09667773,0.5882111,0.4724446,0.4671644,0.47347578,0.5760334,0.6866517,0.5161089,0.68275887,0.5903583,0.88730353,0.48914886,0.8715608,0.5705386
0.14003746,0.5365329,0.22216737,0.4811643,0.22725752,0.6281762,0.30126446,0.36253726,0.2557694,0.5862297,0.17537613,0.4049033,0.18401001,0.50167686,0.47791126,0.47534102,0.47763827,0.5725632,0.6959906,0.5155319,0.6800439,0.58946943,0.8773462,0.49395362,0.86899644,0.5701889
0.13141797,0.5436969,0.21662165,0.48686695,0.22014096,0.64312565,0.30079383,0.37750208,0.16596581,0.616244,0.16382815,0.42710984,0.1620152,0.5439189,0.47915027,0.47832936,0.4762901,0.58798915,0.705182,0.5218746,0.6834405,0.6017075,0.89258957,0.49746346,0.87645316,0.58337283
0.14250658,0.53428686,0.21919012,0.48018885,0.22177735,0.63171595,0.3040909,0.37010095,0.19540331,0.59081095,0.17762572,0.42086357,0.16231649,0.51747435,0.4726487,0.47495133,0.4698402,0.5817308,0.69108444,0.5164948,0.67605996,0.58963203,0.88695616,0.49019998,0.87248945,0.57792485
0.11651083,0.56651354,0.20462854,0.4836236,0.21562499,0.6400678,0.29201975,0.3739225,0.1879177,0.5715259,0.16311696,0.4253414,0.14753647,0.47394094,0.4665549,0.4736943,0.46539438,0.58496517,0.6904407,0.5191044,0.67672247,0.5920115,0.8965291,0.48815668,0.8745335,0.5889046
0.13283712,0.5500825,0.22048713,0.46281892,0.22584337,0.6160758,0.30422446,0.36841118,0.1660172,0.5920199,0.1620781,0.42541426,0.1483022,0.5144903,0.47575146,0.47437912,0.47257057,0.57537335,0.6861309,0.5142135,0.67138606,0.5860042,0.8842239,0.484128,0.86600906,0.593426
0.1106191,0.559779,0.20144723,0.47510752,0.2082849,0.63435805,0.2992661,0.3988908,0.24578737,0.56108886,0.16931158,0.442708,0.16765185,0.46623373,0.4663006,0.48451385,0.4643307,0.5929701,0.6870764,0.5197409,0.6711431,0.6019191,0.8923082,0.48390388,0.86886066,0.6121175
0.13461806,0.5358805,0.21773009,0.45877352,0.21876302,0.6061366,0.32161042,0.3942963,0.26857314,0.5698861,0.1964556,0.44990656,0.1952427,0.47334334,0.46587053,0.47859776,0.4613975,0.5789532,0.6894515,0.50286597,0.68026066,0.5851032,0.88355446,0.47383425,0.87400776,0.6076374
0.11588535,0.54266924,0.21114916,0.46174145,0.209827,0.6116994,0.32629633,0.40984917,0.28261316,0.57260877,0.20717043,0.44426194,0.20124407,0.47245196,0.46065727,0.4844389,0.45645785,0.59069926,0.68635625,0.49928883,0.6816846,0.59173864,0.88221836,0.47507116,0.8828443,0.6096046
0.1562905,0.50335944,0.22933164,0.47153503,0.22809233,0.60248846,0.34172353,0.41626912,0.317582,0.56961125,0.22760947,0.4123885,0.22792463,0.45883498,0.46796596,0.48674825,0.46328595,0.592893,0.6972424,0.48626173,0.6912887,0.5850992,0.88766426,0.46449238,0.9027116,0.60296714
0.11911113,0.51621366,0.2068938,0.45377266,0.20373842,0.590747,0.322869,0.42112377,0.30358234,0.5563571,0.21100391,0.41451243,0.21046542,0.45175898,0.4576622,0.48531502,0.45014444,0.59344035,0.6793126,0.47518268,0.6749796,0.5828927,0.8636388,0.444812,0.89292926,0.6018002
0.14659248,0.49893278,0.22466466,0.44840097,0.22540852,0.5886749,0.33533344,0.42284825,0.31123072,0.56231725,0.22306141,0.41409,0.2457906,0.4680641,0.46459264,0.49162596,0.45777416,0.5948238,0.67692614,0.46450874,0.67695475,0.57551306,0.86262745,0.42935243,0.89447147,0.5966432
0.13776672,0.49531445,0.21593533,0.44366416,0.22247039,0.58577824,0.32189745,0.4200853,0.31423253,0.54729664,0.22355708,0.41360208,0.23741049,0.44298795,0.4594863,0.492378,0.45375612,0.5969357,0.6618549,0.4462501,0.6732577,0.57212913,0.8540664,0.420145,0.88285685,0.58931696
0.1255012,0.49216738,0.20381083,0.43645465,0.21433428,0.58625513,0.32461032,0.42153415,0.32215646,0.5701117,0.23436643,0.41607317,0.27041054,0.47559273,0.44590646,0.4969833,0.44435376,0.5981938,0.65375257,0.43444967,0.6684298,0.57027745,0.86071986,0.41136718,0.88973933,0.5895803
0.12767404,0.5008665,0.20371085,0.42602956,0.22014163,0.5866086,0.33634612,0.42495373,0.32638997,0.6142843,0.2691875,0.4231822,0.31659555,0.5455176,0.44628015,0.4961218,0.4461814,0.59425515,0.6492867,0.42773375,0.66618997,0.56921625,0.8618603,0.40852037,0.8865046,0.58448637
0.11861968,0.48926538,0.19671401,0.412748,0.21054304,0.57622176,0.32907817,0.41391832,0.32724762,0.61123013,0.26107225,0.4171966,0.31001204,0.52768123,0.44120845,0.48220128,0.4418974,0.581266,0.64719856,0.4180979,0.6627589,0.55224144,0.86653984,0.40620103,0.8851175,0.57494897
0.12326004,0.47137916,0.20033957,0.40051955,0.20664112,0.565734,0.31947595,0.3823171,0.33440855,0.5884048,0.25878412,0.38107622,0.2887551,0.5167581,0.43475708,0.46179137,0.4347947,0.56450164,0.6476515,0.40833607,0.6655054,0.5496719,0.86830336,0.4024109,0.887064,0.5635382
0.109612696,0.48561275,0.19119139,0.41168353,0.19047588,0.58323514,0.31343728,0.40354744,0.32587522,0.5930599,0.28745762,0.43177745,0.2916081,0.5126804,0.42083448,0.47647876,0.42125952,0.5805877,0.6462393,0.42736244,0.6577177,0.5706305,0.8682999,0.4286459,0.88922465,0.5828847
0.13378501,0.48337275,0.20653346,0.40173456,0.20574884,0.57816035,0.31842345,0.4050044,0.330254,0.592548,0.32861015,0.46881202,0.32277727,0.53170705,0.43400007,0.46787727,0.43172938,0.57206523,0.6550096,0.43800688,0.65711224,0.5721069,0.8682447,0.43509853,0.88696736,0.58714956
0.12982202,0.48042324,0.20596074,0.40168303,0.19749674,0.5811028,0.32278454,0.4044451,0.33241862,0.5942208,0.31413564,0.45907867,0.31016716,0.5272906,0.42505604,0.46512216,0.4219667,0.5735559,0.6598809,0.4470885,0.6612552,0.582573,0.88970244,0.44207436,0.89253366,0.6045342
0.13318191,0.47742045,0.2086257,0.3930629,0.20217252,0.58137494,0.32053488,0.3854946,0.33367464,0.5926765,0.32236424,0.4661289,0.32189202,0.518773,0.42687583,0.4615257,0.42497033,0.56585336,0.6695355,0.44268867,0.65665114,0.5859524,0.89258236,0.43476385,0.88419867,0.6099655
0.13412629,0.47994325,0.2084274,0.3931085,0.20337057,0.58487713,0.32499492,0.37992603,0.33992803,0.59597975,0.35866898,0.4708752,0.35632345,0.5235928,0.43556368,0.45899534,0.43421215,0.5575451,0.6663976,0.44717178,0.65184134,0.5873323,0.8862535,0.43729356,0.86899364,0.6305445
0.14227408,0.4663571,0.21071823,0.40614107,0.21407127,0.54727,0.33406436,0.3782566,0.34595203,0.5817481,0.34712583,0.46579033,0.34617224,0.49976483,0.44725534,0.47212154,0.4472644,0.530588,0.66960084,0.4454196,0.6533447,0.5785235,0.8961131,0.44076473,0.8622767,0.637092
0.15117432,0.47407585,0.21631895,0.3807839,0.21408421,0.56483,0.332278,0.37400886,0.3525921,0.5733922,0.35240495,0.4525952,0.35189074,0.49944738,0.43710816,0.4338304,0.43920505,0.53999907,0.668629,0.43318647,0.6472356,0.5844228,0.8874805,0.43240216,0.8575229,0.6421812
0.11388362,0.46913132,0.18368098,0.37881744,0.1911904,0.5595062,0.32062688,0.363968,0.34063774,0.5734401,0.34610274,0.4350225,0.3648971,0.5112317,0.42693716,0.42582968,0.42585722,0.5356902,0.6646383,0.42284256,0.6386414,0.5859626,0.8844793,0.41988498,0.8429804,0.64298093
0.120097406,0.4690514,0.19134842,0.37986773,0.19095254,0.56090766,0.32917503,0.3741411,0.33891034,0.57129353,0.33036628,0.4452483,0.34154832,0.49925643,0.43233693,0.429556,0.43062738,0.53841895,0.6639429,0.42348868,0.6393992,0.58714867,0.88231385,0.41965225,0.84432405,0.6385683
0.124406666,0.46998984,0.19031417,0.3776928,0.18954895,0.55964875,0.32779315,0.3741733,0.3351211,0.5708989,0.31619322,0.45765153,0.32226452,0.5003583,0.423401,0.42910728,0.42307857,0.53743756,0.6699511,0.41855663,0.63846874,0.5786304,0.8966752,0.40654638,0.8518047,0.63511676
0.1196122,0.47501826,0.18565321,0.3824796,0.18554215,0.56023,0.3030692,0.36592203,0.3105403,0.5635158,0.30126554,0.4580084,0.29970497,0.49723265,0.4098749,0.43478826,0.41053477,0.54381996,0.6495567,0.41736567,0.6320214,0.5804688,0.8731147,0.39938816,0.8400569,0.6352571
0.13527282,0.48319656,0.1932651,0.3890334,0.19317658,0.5711536,0.31538132,0.38113075,0.31956926,0.57179326,0.32024115,0.48075452,0.31115204,0.506011,0.40224254,0.4413127,0.40241542,0.55289906,0.6577549,0.41680667,0.63855535,0.5867069,0.8892676,0.39349896,0.86027175,0.63254213
0.13613743,0.48096633,0.19450125,0.39046785,0.19483021,0.5697896,0.3345073,0.38910252,0.32512283,0.5694548,0.32463238,0.4714699,0.3231511,0.50846726,0.40074325,0.4448934,0.40095648,0.5537254,0.6627607,0.41352195,0.6483392,0.5842189,0.8830529,0.38096955,0.8605454,0.6318021
0.14454946,0.47844985,0.20236638,0.3856431,0.19936483,0.57450897,0.33511576,0.38876942,0.33558956,0.57579184,0.3173474,0.47524044,0.3232499,0.50905955,0.4041738,0.44212604,0.40534222,0.55646855,0.6616744,0.4054869,0.6597943,0.5877337,0.89391255,0.35921317,0.87691444,0.6319164
0.12522185,0.49107888,0.19349897,0.39508048,0.19130552,0.58767724,0.33351102,0.3927987,0.33014864,0.5908025,0.32446003,0.4712197,0.31593892,0.51028824,0.4022228,0.45364043,0.40297404,0.5691709,0.65915143,0.4154506,0.659008,0.59486544,0.8809479,0.3584399,0.87858886,0.6411085
0.14997858,0.50013804,0.20708808,0.40642843,0.2205142,0.5933809,0.32982486,0.39255074,0.34412652,0.5944016,0.34201437,0.47447836,0.32492697,0.51978445,0.43213055,0.45917028,0.4299104,0.5721307,0.67431134,0.41676825,0.6734983,0.59817857,0.8857538,0.35301164,0.89821744,0.6412293
0.12355894,0.5096101,0.19905333,0.40916464,0.20355457,0.5908056,0.33809692,0.40544224,0.34248197,0.6054212,0.35771644,0.48420784,0.35275254,0.54681,0.4388838,0.46412113,0.4344467,0.57857823,0.6762407,0.4226962,0.66948104,0.6146834,0.87822574,0.35436484,0.8851212,0.6460812
0.13214979,0.5075454,0.21225046,0.41286236,0.21911699,0.5937561,0.34236348,0.40630198,0.33936128,0.6030656,0.3832129,0.47087157,0.37663358,0.55198973,0.45649353,0.4658311,0.4523344,0.57870334,0.6809694,0.42894122,0.6752779,0.6104903,0.89549696,0.35780883,0.888166,0.64517206
0.13481937,0.510616,0.21212941,0.41569632,0.21922772,0.5946687,0.35636923,0.41325712,0.34669536,0.60642475,0.40150505,0.48435667,0.40402856,0.5584232,0.45038974,0.467079,0.44733334,0.5750137,0.67696863,0.42877614,0.67246985,0.6078745,0.89180326,0.3591891,0.87654334,0.6441717
0.121244766,0.5120328,0.19821364,0.4114892,0.20423809,0.59334755,0.33152854,0.40470785,0.3344417,0.6039868,0.37521884,0.4790097,0.38122803,0.56060106,0.44102913,0.45744672,0.4386994,0.5672272,0.6716721,0.4215099,0.6592909,0.5994032,0.87370944,0.3570897,0.8707182,0.64195985
0.11925533,0.50988424,0.19581078,0.4124802,0.20394337,0.5980901,0.3283505,0.40148604,0.33770162,0.60419047,0.31204307,0.49870738,0.3403899,0.54820526,0.4329624,0.4550702,0.43300736,0.566555,0.6732671,0.4156927,0.6606859,0.5978138,0.88314456,0.35177895,0.88160634,0.6425666
0.12406808,0.51447225,0.19720137,0.41685295,0.2062373,0.60395485,0.32265845,0.40087548,0.34103876,0.6066706,0.3202138,0.49521986,0.3101667,0.5419003,0.42745933,0.45864025,0.42812154,0.5663574,0.67109555,0.41368917,0.6634338,0.6021665,0.8844179,0.3532473,0.8825358,0.64672136
0.1330329,0.5179786,0.19749722,0.42237195,0.20786674,0.6056709,0.32957885,0.40953666,0.33832765,0.60074,0.3223318,0.49854743,0.32747224,0.53330904,0.42218408,0.45850036,0.42559677,0.5630872,0.65765333,0.4138124,0.65788746,0.60264015,0.8811495,0.3551403,0.88466287,0.6493884
0.12425107,0.5210174,0.19012022,0.41795096,0.20308712,0.6109488,0.32189828,0.40685374,0.33404383,0.6048315,0.31837472,0.5051175,0.31171727,0.5401137,0.41337892,0.451579,0.41761795,0.5643577,0.66009974,0.40496418,0.66057473,0.61465067,0.87868696,0.35029978,0.8832173,0.6519471
0.1363947,0.5232452,0.19888505,0.41775146,0.21252766,0.6099234,0.3235845,0.3998751,0.33895245,0.60215074,0.33350486,0.4928362,0.32079542,0.5351656,0.42483217,0.4448754,0.42996103,0.56030345,0.66363335,0.4001621,0.6662517,0.61500555,0.8829995,0.34366938,0.8847269,0.65205294
0.1440318,0.5207497,0.20157059,0.42017156,0.21327718,0.6084184,0.32390827,0.40169677,0.3359699,0.6014985,0.3310551,0.49643058,0.31726077,0.53318095,0.42957184,0.44767898,0.43294823,0.55799276,0.6663788,0.39910215,0.6611725,0.6144912,0.87771386,0.33877823,0.88582915,0.65373826
0.14231233,0.5260779,0.20254488,0.4279775,0.21561062,0.6147798,0.3351704,0.40783778,0.3433159,0.6139454,0.3431445,0.4968796,0.33877814,0.5422713,0.42847186,0.44946972,0.42984337,0.56215215,0.6733265,0.40211076,0.6620569,0.61907566,0.88148636,0.33295703,0.8892063,0.6584858
0.137287,0.5309577,0.20150927,0.4302157,0.22006081,0.6186184,0.32535276,0.40495571,0.340149,0.6225581,0.3318015,0.49300608,0.32051688,0.5457337,0.44108292,0.44697508,0.4429457,0.55833584,0.67389655,0.40300426,0.67164415,0.6240865,0.8934864,0.32922393,0.8927161,0.65983033
0.13868721,0.53889924,0.21468061,0.43824524,0.23346935,0.62313795,0.3316846,0.4133118,0.36839476,0.62387675,0.33759576,0.4962906,0.33552983,0.5588138,0.4513897,0.44908103,0.45339167,0.56019133,0.68082196,0.4116169,0.6785042,0.622274,0.8965657,0.33422682,0.89424217,0.66157997
0.13958259,0.54750025,0.21951331,0.4461457,0.23909739,0.62204945,0.34327957,0.41655624,0.38593197,0.6239604,0.39066872,0.49877286,0.41421726,0.5701219,0.4606861,0.44326887,0.46404618,0.55775553,0.6800357,0.41809827,0.67691517,0.6352536,0.89388156,0.342404,0.8842263,0.6618564
0.14156282,0.5505321,0.22378716,0.451236,0.2403382,0.6281751,0.35723078,0.4385852,0.38683763,0.62186277,0.42599308,0.49740753,0.44681367,0.578938,0.46950024,0.43960324,0.47516096,0.55354697,0.6801643,0.4198326,0.6687078,0.63613105,0.88280165,0.34334302,0.8744305,0.6665127
0.13582863,0.54711324,0.22147885,0.4501235,0.22557387,0.6302312,0.36114424,0.46117395,0.39195114,0.61351216,0.41168454,0.5267653,0.46337378,0.5870373,0.4658214,0.4296787,0.4726269,0.5450343,0.6841352,0.4181888,0.6543137,0.647306,0.8863618,0.33359173,0.87064296,0.6756523
0.13361722,0.55949163,0.2174803,0.45859137,0.22430591,0.6274745,0.34966758,0.46608487,0.3884959,0.62369466,0.40972233,0.5593264,0.4443522,0.60520065,0.47379017,0.4308056,0.48141238,0.54042953,0.6831406,0.41204587,0.64656043,0.6561218,0.88281155,0.33056003,0.865967,0.6689443
0.12947239,0.568384,0.21232805,0.47577527,0.21726659,0.6269919,0.33780137,0.4878194,0.37335283,0.64206845,0.3077095,0.559688,0.3309137,0.6805504,0.47121394,0.43731788,0.47887525,0.5405595,0.6865114,0.41199565,0.6343084,0.66950595,0.896722,0.33486524,0.8668085,0.67538935
0.121968895,0.57202506,0.20527083,0.48986837,0.2090776,0.6301162,0.33614427,0.5402271,0.36615473,0.67443585,0.29611367,0.61972255,0.3023115,0.7355925,0.46374318,0.44111204,0.47173336,0.54286367,0.68031776,0.4107183,0.6252387,0.6768973,0.88021886,0.3283761,0.85492414,0.67076665
0.12665603,0.5618391,0.20764644,0.4750842,0.20619288,0.59756315,0.32027966,0.5451129,0.33293185,0.6472024,0.27403897,0.58841103,0.27466837,0.73639226,0.46473125,0.4258784,0.47395012,0.52347744,0.6832953,0.38793322,0.63440275,0.6603385,0.8887365,0.3023677,0.86861205,0.6422555
0.11879028,0.56018126,0.1969405,0.47437668,0.19640708,0.59552056,0.3093822,0.5201613,0.32085818,0.652094,0.26117423,0.59335756,0.27560705,0.75862175,0.45096657,0.427155,0.45872828,0.52246624,0.677169,0.38520923,0.6351903,0.6440627,0.86929536,0.281544,0.8674026,0.62125224
0.131111,0.5774633,0.19511437,0.47251028,0.19021688,0.5764981,0.3076909,0.5377782,0.3125073,0.65303427,0.26293552,0.6087747,0.27583832,0.780164,0.45362028,0.43103448,0.461966,0.5255146,0.6810017,0.39624453,0.6581728,0.63506466,0.8714553,0.2770598,0.89029264,0.6014386
0.12705283,0.56619656,0.19364665,0.45745924,0.17921951,0.55863476,0.2869667,0.47604886,0.2850374,0.64203584,0.25958094,0.5832598,0.23117514,0.7717386,0.4522059,0.43100616,0.45625713,0.52001345,0.68027294,0.40574256,0.65742975,0.61304015,0.8685543,0.27374247,0.8953804,0.56463337
0.12001885,0.55474573,0.18884122,0.45881808,0.17527273,0.5537314,0.27810958,0.51122594,0.2598413,0.649886,0.24439634,0.5761846,0.2117234,0.77969617,0.444929,0.430675,0.4475204,0.5123419,0.6770368,0.42719296,0.65754926,0.60116506,0.84185874,0.28286508,0.89384395,0.54525715
0.12918954,0.53825206,0.19154793,0.4516539,0.18256761,0.5367544,0.29966497,0.4472194,0.24649963,0.64377576,0.2437074,0.54572546,0.19288135,0.75190157,0.45110416,0.41917595,0.44704023,0.48991442,0.6703624,0.44100463,0.6525816,0.5853646,0.83573145,0.29817924,0.87591213,0.51488394
0.13987918,0.55114156,0.18851954,0.4608144,0.19798039,0.5293581,0.22791621,0.5949995,0.22854216,0.63819677,0.10331162,0.7001041,0.17558087,0.75473243,0.45663273,0.40704328,0.45795566,0.47456914,0.6616393,0.45979977,0.6548382,0.57204807,0.83933884,0.31918758,0.881486,0.4935091
0.15753314,0.5541825,0.20262404,0.45439857,0.2121243,0.5056724,0.21837468,0.6005157,0.2194911,0.6266373,0.10951699,0.66944313,0.15572701,0.7115721,0.4649646,0.3903286,0.46592057,0.45036697,0.6678487,0.4514164,0.6608657,0.5626786,0.8506689,0.3354521,0.8802352,0.47614104
0.16200148,0.5431397,0.20941566,0.4622829,0.20601022,0.49281654,0.21864715,0.5901866,0.20646171,0.63073105,0.118631706,0.65175265,0.12663588,0.6621281,0.4742888,0.3907163,0.4698469,0.4369179,0.67519087,0.45554262,0.6620137,0.5689591,0.8708173,0.3531558,0.8698723,0.48015064
0.16941506,0.56012315,0.21275695,0.46487004,0.20839277,0.50324345,0.20531192,0.59309214,0.20097569,0.658409,0.110360496,0.6472929,0.19362676,0.78906876,0.49006468,0.3954152,0.48437056,0.44500244,0.69576216,0.47665238,0.6593223,0.5972714,0.89144117,0.3590069,0.8669792,0.5006898
0.18193878,0.5102245,0.22258662,0.40714878,0.22012143,0.45424408,0.18566114,0.53780454,0.16350514,0.56331253,0.09438864,0.5609479,0.10334377,0.5694737,0.5030082,0.33686048,0.49460825,0.38710558,0.71071386,0.41796857,0.65607285,0.56308335,0.8852569,0.28470817,0.86762756,0.4733537
0.20023933,0.60715127,0.25000224,0.50273347,0.23585114,0.5348614,0.347927,0.5264373,0.17219569,0.6489174,0.23387755,0.6154882,0.11456853,0.62268066,0.50563186,0.44142482,0.5019083,0.48073518,0.72110933,0.50709426,0.66019875,0.6572255,0.8923131,0.36533976,0.8731413,0.599071
0.21208386,0.6197797,0.26124927,0.52831095,0.23728566,0.5373807,0.3733613,0.54724675,0.17080165,0.6289231,0.23583625,0.84084356,0.11911478,0.6242781,0.50963837,0.46709186,0.5046747,0.48690915,0.7265338,0.49606794,0.6560062,0.6568402,0.8800962,0.3489071,0.8905867,0.6440135
0.20335045,0.5530991,0.2697483,0.4731488,0.24632348,0.46962225,0.26238903,0.59229976,0.1856958,0.54616857,0.2317674,0.76354367,0.10998647,0.5142169,0.5153113,0.39420292,0.5083193,0.41217503,0.7240713,0.4082273,0.65738124,0.58830595,0.87887496,0.2598248,0.88990813,0.6137642
0.20692211,0.58192044,0.266923,0.5255262,0.24433601,0.48141995,0.2684811,0.6371007,0.22655158,0.5176653,0.25665328,0.76916367,0.1311759,0.49796444,0.51139456,0.4043559,0.50976586,0.41808134,0.7301033,0.4057197,0.67468363,0.59077156,0.8758906,0.254427,0.8939027,0.6539357
0.19990784,0.5992053,0.24177617,0.49542326,0.23967344,0.522269,0.27573693,0.64712965,0.27233696,0.6440995,0.26707977,0.773256,0.26431108,0.7647411,0.49874198,0.4076406,0.50009894,0.44094628,0.71738344,0.40395942,0.6678878,0.6020461,0.8617756,0.24349359,0.8954647,0.6711393
0.14658259,0.6127674,0.21246639,0.5659749,0.19009976,0.4969712,0.24513684,0.64460236,0.21453659,0.50666475,0.24214198,0.757849,0.18398865,0.56532234,0.47428215,0.45082372,0.47102183,0.446321,0.69968796,0.4016143,0.65389013,0.6350756,0.8332192,0.22976314,0.89289606,0.6964915
0.14603828,0.64676535,0.18451518,0.5445245,0.18144286,0.56575114,0.24909738,0.61023563,0.2410126,0.6446532,0.18366496,0.61051565,0.2251091,0.6398691,0.46735072,0.47930095,0.467734,0.49199936,0.68666506,0.4356214,0.6393698,0.6750096,0.82258475,0.2580262,0.88015205,0.70545167
0.13422942,0.69729763,0.19286874,0.59778166,0.1974714,0.60225683,0.27609825,0.595375,0.26235902,0.58369213,0.18300235,0.6378003,0.21243586,0.6622745,0.47182158,0.51967955,0.47545448,0.5423611,0.68660283,0.4777584,0.64324135,0.7302269,0.8211885,0.30204475,0.8913467,0.7389027
0.15336458,0.68122584,0.19789979,0.59320617,0.20934226,0.6060493,0.23946491,0.59001476,0.24743116,0.60613364,0.22484562,0.6798391,0.22725302,0.68449426,0.46808377,0.52715826,0.4722853,0.5630402,0.6763462,0.48852184,0.6404008,0.7353045,0.804114,0.30928347,0.8833518,0.7180726
0.10762436,0.7068545,0.15578188,0.59815663,0.1632825,0.6445354,0.28767028,0.6602554,0.28393033,0.6766714,0.25486547,0.7330636,0.25308347,0.74540555,0.44470048,0.52075934,0.44393602,0.5802577,0.66634774,0.49490744,0.64080244,0.74024194,0.8222689,0.323084,0.8905977,0.70650357
0.10490899,0.67668134,0.16016743,0.5514612,0.16729064,0.6206444,0.28514636,0.4882268,0.28742883,0.684024,0.3281153,0.54667073,0.29127672,0.79619616,0.43848324,0.49654,0.43723702,0.5633836,0.6555807,0.4926439,0.6418676,0.6995026,0.8317663,0.35040933,0.8765331,0.6595819
0.13000137,0.60354507,0.18321066,0.4566905,0.18680054,0.5773695,0.29729015,0.40331873,0.29964828,0.65428,0.29675552,0.51595825,0.30987808,0.8116653,0.44125438,0.43085822,0.44323155,0.5225444,0.6599536,0.45125142,0.65952474,0.6187103,0.8523921,0.3378748,0.89057463,0.5899019
0.10771916,0.5334064,0.16981822,0.38549182,0.17876019,0.5265694,0.27950767,0.33125496,0.29077086,0.60866743,0.2833343,0.43021908,0.3030339,0.7541175,0.4332191,0.37651742,0.43931448,0.46905908,0.63816625,0.4075054,0.65781564,0.54753715,0.84260535,0.33392146,0.8758631,0.51520294
0.11433251,0.5049105,0.1789408,0.34558022,0.18227702,0.50010055,0.2717095,0.29248273,0.29568255,0.5705764,0.26617643,0.39327708,0.2969679,0.6895527,0.42774317,0.3472453,0.43565062,0.44412944,0.64576364,0.39820093,0.662351,0.5015021,0.85671747,0.34624466,0.8847903,0.48273903
0.10898315,0.49643815,0.18080421,0.36755395,0.17821929,0.5211921,0.28516337,0.3136307,0.27893966,0.5955289,0.26701394,0.3990286,0.25690407,0.6785169,0.44085875,0.37831965,0.44406715,0.4725324,0.6415873,0.4289806,0.65192753,0.51694834,0.85495764,0.40221533,0.87319946,0.50230914
0.12306942,0.477891,0.18484987,0.37806717,0.19016051,0.533476,0.29455474,0.32669657,0.28826514,0.6021323,0.26232186,0.4087938,0.21696478,0.5737928,0.44951782,0.40223864,0.45235363,0.4974605,0.6579746,0.45613173,0.6657486,0.5304774,0.8691083,0.44617832,0.8754846,0.5179158
0.11805959,0.5245833,0.20363791,0.42311186,0.1958592,0.57504195,0.30469194,0.3644795,0.27293187,0.6352647,0.2651859,0.4397971,0.23401953,0.59956264,0.45346975,0.4539087,0.4556099,0.54774517,0.66891104,0.5080183,0.68208253,0.5826065,0.8727872,0.51138186,0.8744952,0.5807479
0.14388554,0.52332747,0.2235012,0.4367965,0.21856225,0.59011394,0.3125382,0.3809818,0.26810208,0.6426649,0.24306531,0.44082806,0.23827282,0.5753095,0.4820687,0.47024798,0.4751184,0.5698386,0.68001133,0.5182546,0.68168604,0.60045177,0.88165444,0.5318516,0.87530035,0.59719616
0.14478964,0.5097532,0.23009586,0.4318194,0.21221222,0.5830111,0.31388944,0.363253,0.23276596,0.62241656,0.21663068,0.43327078,0.18518813,0.57370794,0.4756052,0.4734096,0.464597,0.5737935,0.69318587,0.518756,0.68239325,0.6126074,0.90131086,0.5336687,0.87729186,0.61407316
0.124122754,0.5241525,0.21253063,0.44482931,0.19650592,0.62121195,0.31959853,0.3805378,0.2462571,0.6011667,0.21235873,0.42349973,0.20388682,0.5380136,0.4684827,0.49345776,0.45699808,0.5992234,0.69165957,0.5376514,0.6699518,0.64351726,0.90483594,0.5602094,0.8697692,0.6532774
0.12383548,0.50865436,0.21868625,0.43427813,0.20292276,0.59137374,0.3247207,0.37216333,0.2821706,0.5738618,0.21356325,0.38998187,0.20811798,0.4934666,0.4707731,0.4876713,0.45824665,0.597612,0.68254006,0.52355224,0.66194385,0.64735895,0.8929627,0.544821,0.85889614,0.6680372
0.14110078,0.48023444,0.24061397,0.42855963,0.2101234,0.5794519,0.33655566,0.37139946,0.26605508,0.5589866,0.22966525,0.40372255,0.22179766,0.44086066,0.4703663,0.48167613,0.45880893,0.59022164,0.67795384,0.5059624,0.6618982,0.6435728,0.8800796,0.524288,0.85885006,0.6855947
0.14889598,0.44824493,0.23921299,0.42164487,0.20683368,0.5610174,0.34438616,0.37576535,0.283571,0.5370482,0.24596593,0.3833091,0.22819299,0.4287871,0.46867362,0.47328588,0.45686758,0.5822997,0.6901602,0.4938892,0.66789013,0.63581,0.8925676,0.505084,0.8635939,0.70449084
0.1317105,0.4959078,0.21691407,0.44587135,0.19668101,0.56591463,0.33879495,0.38814226,0.29385406,0.5303193,0.24459144,0.38996738,0.22374894,0.4315924,0.4609762,0.48548916,0.44760972,0.59388685,0.6744672,0.49420825,0.66043234,0.6438261,0.87420464,0.5080317,0.85836047,0.72177637
0.13860275,0.4600507,0.22589001,0.43675533,0.20027228,0.57088256,0.34077197,0.396938,0.30887187,0.5582025,0.24216191,0.38808194,0.22733313,0.4517772,0.47040507,0.48998144,0.45601565,0.59681857,0.6749874,0.48767218,0.6768933,0.65434957,0.8801105,0.5040059,0.8722201,0.7334825
0.15808517,0.45411962,0.22834618,0.44234595,0.21409406,0.58737874,0.3574138,0.40548268,0.3101339,0.57678634,0.26451996,0.3807286,0.23983109,0.48731124,0.46704704,0.50220865,0.4548326,0.6107981,0.67943823,0.4868845,0.6826727,0.6612902,0.8869322,0.51274043,0.8817301,0.74199104
0.15746692,0.44621256,0.228013,0.4406864,0.2027886,0.5486604,0.35120547,0.40912992,0.30875847,0.5373796,0.24533652,0.3548716,0.2112349,0.49832872,0.46992493,0.5079286,0.45138967,0.61375076,0.6797473,0.47656545,0.6793414,0.6561066,0.8881218,0.51515585,0.8813919,0.75695944
0.11937582,0.44888157,0.21691872,0.43300018,0.19003671,0.54029006,0.33674744,0.40987352,0.29702473,0.5033954,0.20650063,0.37365043,0.19681112,0.42469656,0.46146035,0.5109426,0.44228414,0.61486304,0.6740675,0.46386832,0.6753384,0.6520683,0.88470656,0.5077431,0.8863345,0.75796485
0.15314598,0.4608037,0.23941526,0.44767013,0.20763676,0.5463814,0.3429122,0.42340228,0.26003098,0.51238436,0.2274971,0.3669525,0.22023576,0.42484757,0.48667333,0.5399818,0.47255906,0.635602,0.6747764,0.46474278,0.6890565,0.66822183,0.8819601,0.5242565,0.8930158,0.7621942
0.13986619,0.42444223,0.2159929,0.43825728,0.20267618,0.5401797,0.3212035,0.42501986,0.31472927,0.4888355,0.20772086,0.3681826,0.1990056,0.41795215,0.47454038,0.54416007,0.46262527,0.62821937,0.65852904,0.4337245,0.67925966,0.6574438,0.8648636,0.506497,0.88807195,0.76260674
0.13645333,0.4336733,0.20609766,0.45470348,0.19133607,0.53479004,0.30636716,0.44037777,0.30647627,0.4743951,0.22336622,0.36316687,0.21724182,0.39064702,0.4680591,0.5428342,0.45742014,0.6247922,0.64043933,0.4143224,0.67879856,0.657527,0.85333246,0.491609,0.88766545,0.76289207
0.13301186,0.39280406,0.19888072,0.44299617,0.18140003,0.51921475,0.31002867,0.44455945,0.30593395,0.4743344,0.25744304,0.33984345,0.25358495,0.37396315,0.45216858,0.5373122,0.44279185,0.6199789,0.63112366,0.40123022,0.672819,0.6524571,0.8483882,0.48549098,0.8817991,0.7610265
0.17658438,0.3200762,0.19051443,0.41058594,0.16451302,0.48021427,0.30968457,0.44951373,0.30409265,0.47141817,0.28617907,0.33664036,0.2762117,0.37514105,0.4495127,0.531257,0.44038063,0.6076909,0.6316646,0.3991759,0.66157514,0.6544676,0.8558652,0.46803433,0.8808808,0.75499964
0.11407373,0.37951306,0.17061032,0.395367,0.16717088,0.4970865,0.309038,0.4104689,0.29865566,0.46789104,0.29476735,0.2940904,0.29910833,0.3336398,0.43622977,0.49834546,0.42931274,0.587474,0.6377871,0.3823156,0.6468774,0.6297447,0.859703,0.46230814,0.87841356,0.7427913
0.121055715,0.38784343,0.18975385,0.39327204,0.18532214,0.5036325,0.32297993,0.41797516,0.30624726,0.47438955,0.33598155,0.30719927,0.33575934,0.36045527,0.4463163,0.4947726,0.43540078,0.5832307,0.6608191,0.4004326,0.6611874,0.62337196,0.8792546,0.46882275,0.8743527,0.74020475
0.13582465,0.36990237,0.19935061,0.37138712,0.19577295,0.49377924,0.33771303,0.3998406,0.3182919,0.46297944,0.3738052,0.31726444,0.3646454,0.34890515,0.45094413,0.4833292,0.4468479,0.5725646,0.678394,0.40879446,0.6732771,0.60707045,0.89864445,0.47332117,0.8716597,0.721384
0.13294771,0.37230918,0.20768689,0.36041263,0.19579004,0.49283332,0.34539172,0.383956,0.3517341,0.51362646,0.38891724,0.31033164,0.3917335,0.43921867,0.4526645,0.46999854,0.449305,0.5562737,0.6905184,0.4216834,0.670904,0.5864672,0.8937818,0.48365,0.8581408,0.7053751
0.14053765,0.3804213,0.21331573,0.35323298,0.2081155,0.49937811,0.36474046,0.3701738,0.3646332,0.52476645,0.3952581,0.36251235,0.39528373,0.41058695,0.4489992,0.45542455,0.44559154,0.5477242,0.6880367,0.42637956,0.6667682,0.5657881,0.89629674,0.495997,0.85256284,0.685493
0.14662303,0.3774817,0.20802546,0.3326846,0.201352,0.49294633,0.37249255,0.35243475,0.35409284,0.5112187,0.40455854,0.37798914,0.3825963,0.44665873,0.43083173,0.44292238,0.42561907,0.53296596,0.67833483,0.43804577,0.65382844,0.5398519,0.89158684,0.5039656,0.83641595,0.65236455
0.13829432,0.39469987,0.19927096,0.3207522,0.19286014,0.49617726,0.36435878,0.336002,0.3419852,0.5418399,0.37410906,0.39764947,0.38839015,0.4888818,0.41000506,0.4312461,0.4029754,0.53374976,0.6625259,0.4514468,0.6394221,0.52230084,0.8795206,0.5091154,0.8273436,0.6190302
0.08703416,0.4092586,0.17249745,0.33644933,0.16418171,0.5220026,0.31691477,0.33720198,0.31131583,0.558718,0.35076898,0.41606173,0.34781286,0.49860373,0.39619875,0.44878873,0.39232406,0.5560492,0.645121,0.46710232,0.6308434,0.5285541,0.8710459,0.53614205,0.8294965,0.6064126
0.15173483,0.446782,0.2137258,0.35140613,0.20412637,0.5484805,0.3438049,0.3698598,0.34187356,0.5791437,0.35593084,0.4385653,0.3686532,0.5163185,0.42911145,0.4524112,0.4198652,0.5626587,0.6629902,0.49215367,0.64264905,0.53379637,0.8848657,0.56231695,0.845937,0.5736266
0.08755607,0.45969835,0.1743767,0.38045898,0.15869774,0.57239157,0.30465588,0.36420992,0.30556536,0.6021122,0.3369299,0.4579036,0.34810904,0.52238977,0.39942056,0.47503963,0.39833653,0.58418375,0.6439915,0.5119629,0.63328683,0.55375,0.8800794,0.5834582,0.86554986,0.5746697
0.1580524,0.48291463,0.2090875,0.3850862,0.20795228,0.579322,0.34032258,0.38754326,0.34868437,0.6046536,0.371853,0.45976776,0.41261384,0.554213,0.42692536,0.4710395,0.42456502,0.5755251,0.6648858,0.5109835,0.66307116,0.54789215,0.8795143,0.59246737,0.8722246,0.53209144
0.09033122,0.47286764,0.16591772,0.38370743,0.16246928,0.5747648,0.2980617,0.36969066,0.30121893,0.5946221,0.32984057,0.4608326,0.33331087,0.5190781,0.40121418,0.46515635,0.40381488,0.57420415,0.65879637,0.491332,0.6565311,0.5352663,0.8749038,0.57812494,0.8586193,0.5030632
0.14624573,0.4873215,0.19933005,0.39095837,0.20618315,0.5786865,0.33146694,0.37939104,0.34414563,0.6003933,0.35850075,0.46021742,0.36111382,0.52089703,0.43139222,0.4609055,0.43150982,0.5688384,0.66931456,0.4671422,0.6701385,0.5320975,0.87360805,0.57504255,0.879651,0.5006905
0.119913325,0.4904079,0.19059385,0.39155343,0.19262482,0.58793277,0.3307285,0.3749999,0.3423449,0.59424156,0.3469315,0.46198404,0.35946587,0.51775795,0.42120978,0.45364952,0.42546973,0.5631542,0.67767084,0.44958496,0.6763168,0.51732886,0.8721265,0.5481814,0.8864622,0.502252
0.15493293,0.49412087,0.21540685,0.39527026,0.22244503,0.59270096,0.33287436,0.38128662,0.35217857,0.60526574,0.37170604,0.46651098,0.36791098,0.5187281,0.44151586,0.45547292,0.44595966,0.56516796,0.6789143,0.44349423,0.6823293,0.5192372,0.878967,0.51007473,0.8673299,0.5102258
0.13099629,0.48828495,0.1995268,0.3893167,0.21039663,0.591778,0.33079106,0.37438595,0.3409015,0.60451454,0.36515605,0.45910117,0.3739164,0.5196184,0.44333938,0.44463065,0.44891202,0.56274474,0.6752967,0.41017884,0.68072677,0.5075627,0.8711046,0.4685643,0.8894222,0.4900686
0.124380685,0.49110746,0.20624286,0.38456553,0.21842022,0.5820747,0.34046853,0.3703529,0.3476917,0.5989966,0.3729539,0.4586896,0.3643467,0.5133449,0.44664204,0.43815407,0.45410138,0.55886555,0.66988367,0.37614843,0.68395776,0.5056925,0.86808145,0.4087374,0.9073271,0.48934698
0.13595916,0.4881329,0.21183744,0.39394876,0.22785865,0.57953,0.34422487,0.38488674,0.36981672,0.594384,0.3772777,0.45442924,0.3893042,0.5135772,0.44193122,0.44693515,0.45018396,0.56075114,0.64398086,0.36966133,0.6687321,0.5199084,0.8599687,0.37864017,0.8867543,0.5086519
0.12477912,0.49853694,0.20699687,0.40579754,0.22063576,0.5870738,0.34839538,0.3941134,0.35097113,0.5993306,0.3720346,0.47168255,0.36822927,0.51329434,0.44980085,0.4503047,0.4571307,0.56779766,0.65285754,0.37181127,0.6698741,0.53691906,0.87163186,0.33980644,0.88540184,0.52748096
0.13552222,0.51516336,0.21369325,0.4186085,0.23055266,0.6106421,0.3551768,0.4135247,0.36394498,0.62255657,0.37234473,0.49298206,0.4084615,0.54060906,0.44415444,0.45962277,0.45169392,0.57487994,0.6613587,0.3824333,0.675758,0.56009024,0.86126894,0.31422016,0.8875798,0.5646492
0.13690689,0.53800446,0.2080227,0.44337624,0.22987266,0.63224435,0.34618726,0.42820796,0.354804,0.6355762,0.40551177,0.49799448,0.395698,0.56827086,0.43349972,0.47460076,0.44268733,0.586917,0.6634667,0.39476204,0.6716701,0.5798934,0.86708057,0.29578456,0.8774243,0.5931507
0.14017434,0.556558,0.21395656,0.4571753,0.23750909,0.6556341,0.35674393,0.4422063,0.3655004,0.65660495,0.40242302,0.5074469,0.41033888,0.5918264,0.43603724,0.48392466,0.44488254,0.6042852,0.66988415,0.4143309,0.6778423,0.6082709,0.8755367,0.3077837,0.8870105,0.6226555
0.13392738,0.5656175,0.21017493,0.46181545,0.23660153,0.6630458,0.36394328,0.43126085,0.3645896,0.6602795,0.32055408,0.4821089,0.3406886,0.59189415,0.43851876,0.48572087,0.4483914,0.60447615,0.6738257,0.40952063,0.6731997,0.61622816,0.88020015,0.3085763,0.8913364,0.6451932
0.13747948,0.5646367,0.21765849,0.45106423,0.23802109,0.655901,0.3530293,0.43999937,0.3529654,0.67039067,0.33807537,0.5185491,0.34625402,0.58084255,0.4550158,0.47562274,0.45883715,0.5938796,0.67342854,0.4169678,0.6748253,0.6242052,0.889128,0.3186725,0.88404137,0.65725464
0.13057832,0.5592129,0.21544613,0.44613856,0.23094167,0.6483547,0.36646274,0.4373789,0.36963013,0.6391899,0.38881606,0.5182403,0.4140374,0.57713884,0.44866967,0.46302667,0.4567936,0.57633924,0.67400295,0.415469,0.6710868,0.6179056,0.8841261,0.32170835,0.88194466,0.66078943
0.12868267,0.55871624,0.20139286,0.44836697,0.22607309,0.64489746,0.34516627,0.433621,0.35600585,0.63422894,0.37119308,0.5139861,0.3924389,0.5740034,0.44808644,0.45716885,0.45518708,0.57216305,0.6741269,0.41643047,0.6720307,0.6223053,0.8786745,0.33276078,0.8811327,0.665662
0.11949678,0.5548645,0.19473895,0.44252327,0.21741143,0.63669634,0.33451188,0.42265067,0.34388188,0.62715656,0.33764806,0.517927,0.35183597,0.56005603,0.43687272,0.44558805,0.44166553,0.56163347,0.67128646,0.403966,0.66349614,0.618701,0.8833138,0.33238,0.88353145,0.6635799
0.13164492,0.5459681,0.19935796,0.43831325,0.21928656,0.62959963,0.3251554,0.41629493,0.3353899,0.6205646,0.32639575,0.5166721,0.31877092,0.554057,0.44065666,0.44118357,0.44431466,0.55332404,0.6670748,0.39492193,0.6618796,0.6177683,0.8814808,0.33145177,0.8811282,0.6588562
0.13186125,0.54373246,0.19654517,0.44811454,0.2131132,0.6168726,0.33512098,0.4327216,0.323853,0.62378865,0.32463583,0.52184683,0.3142769,0.55169725,0.42945746,0.44285074,0.43391937,0.5419168,0.66255116,0.39438707,0.65975857,0.61540633,0.8804043,0.33136025,0.8817722,0.659567
0.13571812,0.5410661,0.20321932,0.43401623,0.21608256,0.6195158,0.3463295,0.42054084,0.33833697,0.61737865,0.33345973,0.5157292,0.32938087,0.5479824,0.4234621,0.4371813,0.4262382,0.5439705,0.6649542,0.3927635,0.6583655,0.6129849,0.8792869,0.31852093,0.88410246,0.65444636
0.13686605,0.5437949,0.20545013,0.43785512,0.2201467,0.62389225,0.35285634,0.4211878,0.34117168,0.6281749,0.35684228,0.49351397,0.3522609,0.55653113,0.4324108,0.43950915,0.43474767,0.54582244,0.6628348,0.39631084,0.6605506,0.6193131,0.8799421,0.32039082,0.8880799,0.65626377
0.1376721,0.5538127,0.2109516,0.4400639,0.22708015,0.6319494,0.35013828,0.42200497,0.36318576,0.63046664,0.3493188,0.5210763,0.3724198,0.55923873,0.43691054,0.44059813,0.44016138,0.55330426,0.6683234,0.3990704,0.67567337,0.62249136,0.8770469,0.31567392,0.89693904,0.66141516
0.13994592,0.55596286,0.22096533,0.44505072,0.23908274,0.63255596,0.34981927,0.42132333,0.3775251,0.6247755,0.35541752,0.53195316,0.37109095,0.5589288,0.44504416,0.43763354,0.44877604,0.5574199,0.66814405,0.4050573,0.6792,0.63474745,0.8718419,0.31523353,0.89310396,0.67147183
0.13955125,0.54931325,0.22057106,0.43046883,0.24212128,0.6304649,0.38255703,0.41324016,0.37959215,0.6215147,0.452533,0.44667923,0.43311533,0.56891197,0.45935723,0.43739697,0.46094197,0.56165695,0.67222196,0.4012742,0.6797534,0.6414479,0.869153,0.30831942,0.89253527,0.6812488
0.13941728,0.542455,0.22153862,0.42617556,0.2398881,0.623509,0.3729996,0.39349765,0.3758335,0.61340535,0.44818294,0.44437167,0.44607532,0.56803757,0.46277833,0.43671817,0.46681532,0.5530564,0.6737915,0.39357024,0.67306685,0.6458069,0.8650623,0.30336726,0.885704,0.6834216
0.13217486,0.5234294,0.21583286,0.40632987,0.23145035,0.60672367,0.3818423,0.3961019,0.38008523,0.594268,0.42703894,0.47315305,0.436948,0.543057,0.46208483,0.4190314,0.4639108,0.54430336,0.6669907,0.3809414,0.6587136,0.65585876,0.87278295,0.3168865,0.8816894,0.6930913
0.12155035,0.4892635,0.20380622,0.37537533,0.22930244,0.57619333,0.35111257,0.3624849,0.3769699,0.57848096,0.41325212,0.42257583,0.43629363,0.5221998,0.4606655,0.4024463,0.46141785,0.5291151,0.6711043,0.3512325,0.6690402,0.6326274,0.8845076,0.32030058,0.8819654,0.69109005
0.11794702,0.4499656,0.20803332,0.3387458,0.21946558,0.5344744,0.35912183,0.33078235,0.35909137,0.5534514,0.4133876,0.3949445,0.4002664,0.4785551,0.46789846,0.38367325,0.46783683,0.5001003,0.6679991,0.32066256,0.67094326,0.60924655,0.88417125,0.32447472,0.8825035,0.683769
0.11797796,0.41456914,0.19741096,0.3064851,0.2172041,0.5034946,0.35461378,0.304918,0.33913913,0.5134261,0.35327336,0.3964006,0.33797213,0.43313047,0.46401784,0.35774165,0.46187797,0.47505203,0.667192,0.29937395,0.671393,0.57595557,0.88370174,0.3201522,0.8750417,0.6739623
0.11842549,0.38853523,0.19394192,0.28998196,0.21952218,0.4859318,0.34062698,0.28824422,0.33179832,0.5134592,0.32568502,0.37109128,0.29259622,0.4526553,0.4714271,0.35475355,0.46666393,0.45945162,0.67631805,0.2967233,0.680003,0.54261243,0.89188546,0.32583734,0.87101924,0.66496146
0.13333173,0.37731442,0.19208367,0.28390864,0.22789545,0.46882844,0.3173262,0.28186402,0.333832,0.46627125,0.25553086,0.3158119,0.29100874,0.37165523,0.46327984,0.3665074,0.4586917,0.46405876,0.6736935,0.30455685,0.67719865,0.51376104,0.88533133,0.35164294,0.85111403,0.6526245
0.12719296,0.3628041,0.18821117,0.28441817,0.21257311,0.46558964,0.32768053,0.29038826,0.33805722,0.4511945,0.27254212,0.33234444,0.29060063,0.36982864,0.45062768,0.3827345,0.44674376,0.47554883,0.6739213,0.3233499,0.67064565,0.49030772,0.88241416,0.38576752,0.84565765,0.6279589
0.11837981,0.37155202,0.19094521,0.31153056,0.20553759,0.48885754,0.35304385,0.29712287,0.31988534,0.46747255,0.29415926,0.3364676,0.2886101,0.36855078,0.44258603,0.39953294,0.4369191,0.50377923,0.6722531,0.3526643,0.6589725,0.4761375,0.8942282,0.42428333,0.8410302,0.59838253
0.12708366,0.40354645,0.19819443,0.35023203,0.20353046,0.5078964,0.34126547,0.3206977,0.31839824,0.5035093,0.2654261,0.33787432,0.2706505,0.4100053,0.45473844,0.44110107,0.448313,0.5352549,0.6618459,0.38743186,0.64935946,0.47727588,0.8773431,0.46207115,0.83605963,0.571614
0.13530776,0.40949193,0.2006928,0.38570857,0.19969526,0.5028734,0.33632395,0.345768,0.30701166,0.4316944,0.2933469,0.2758488,0.2818378,0.35523582,0.45914027,0.48067462,0.4449925,0.5657084,0.66013443,0.4040383,0.64751846,0.48138773,0.8565123,0.4931921,0.84895176,0.55592847
0.1363573,0.43637145,0.18743894,0.45566142,0.19513883,0.5442658,0.32715228,0.40710497,0.31238604,0.46421748,0.30089897,0.30295306,0.27104872,0.40123448,0.45826116,0.55216116,0.45309725,0.6209776,0.6742833,0.4307671,0.66847354,0.5197742,0.87389565,0.54619765,0.883531,0.571115
0.13874297,0.44534835,0.19732693,0.4784407,0.19415057,0.5585347,0.33114153,0.4209559,0.31538466,0.4832954,0.29116163,0.29626414,0.27494457,0.39951664,0.46145308,0.5711457,0.45764443,0.63532895,0.67205995,0.42455912,0.6770171,0.5328183,0.88275707,0.5477212,0.9094953,0.54695296
0.12537529,0.443944,0.19319937,0.4967518,0.1862744,0.5489279,0.31410882,0.42793813,0.31247246,0.47532827,0.2645785,0.31611884,0.264932,0.33328086,0.46452707,0.5850279,0.4600022,0.6319399,0.65909207,0.42583612,0.6643931,0.5423445,0.863468,0.5175555,0.87410784,0.59106636
0.12951872,0.4179677,0.20820288,0.51048505,0.20351024,0.53462636,0.31846827,0.44013685,0.33282927,0.46240956,0.2626487,0.32187468,0.2767502,0.33321923,0.48403254,0.5876247,0.48122352,0.6284939,0.67889744,0.42518413,0.67969644,0.51683325,0.91528064,0.47948867,0.8875688,0.60417634
0.17438,0.4452319,0.22094834,0.5163559,0.22627485,0.52412385,0.30068025,0.40995958,0.30823487,0.44480163,0.19213887,0.37717852,0.25693724,0.3440788,0.48979676,0.58529705,0.485111,0.6094957,0.6689784,0.4285037,0.6579347,0.49470145,0.9020669,0.4642252,0.8436972,0.61539865
0.1475006,0.44401976,0.18325667,0.5202032,0.19847009,0.52113914,0.27026823,0.4534243,0.286488,0.48786741,0.20414318,0.37306973,0.21917963,0.36421543,0.456657,0.58420664,0.45387667,0.601138,0.6639851,0.42759463,0.64042103,0.49018142,0.9044813,0.487947,0.7958155,0.61775666
0.13395312,0.4161247,0.18154539,0.51219547,0.18454757,0.5136621,0.22032855,0.3487178,0.26397675,0.44535378,0.13635458,0.43867147,0.18391226,0.40614006,0.46852666,0.5694344,0.462691,0.5806807,0.65534276,0.42276552,0.62952113,0.46026358,0.88173616,0.49829996,0.7641175,0.58925843
0.14190345,0.42579052,0.20057723,0.5230849,0.21077856,0.51127106,0.23899834,0.39457765,0.3310553,0.48392037,0.1919599,0.4386674,0.20372146,0.4260716,0.47518343,0.5817691,0.46981242,0.58028585,0.64601547,0.43823257,0.6137373,0.45162436,0.86981386,0.5277465,0.7741171,0.56639856
0.1368028,0.41667745,0.20182645,0.5268081,0.20913462,0.48646158,0.3033894,0.55688673,0.33876234,0.49609607,0.17468405,0.46155566,0.21489997,0.44072148,0.47960606,0.5789243,0.47836018,0.5570702,0.66674316,0.42460114,0.6344436,0.41393793,0.88503176,0.5357105,0.8145907,0.5008283
0.14344381,0.41749007,0.19921152,0.52263194,0.21967976,0.45612878,0.30345362,0.54815114,0.33732578,0.44809002,0.1441682,0.5016669,0.2127492,0.44186363,0.4783233,0.5660362,0.47940293,0.5269178,0.6728567,0.42333773,0.6364513,0.38998944,0.897828,0.53486675,0.81396055,0.44546947
0.14226116,0.41381902,0.19784111,0.5092764,0.2051319,0.48142263,0.27943105,0.42223793,0.29130024,0.45728588,0.1955259,0.47997162,0.19842882,0.48108414,0.48045802,0.5646302,0.47923377,0.5377024,0.67305857,0.430498,0.6385384,0.3920468,0.8803916,0.55775124,0.810909,0.42569894
0.13692854,0.4160098,0.17554556,0.51609993,0.1970419,0.4687104,0.32395232,0.4263975,0.33250666,0.4241081,0.20148864,0.4530471,0.20811968,0.45747414,0.46717358,0.5670699,0.47137636,0.53248876,0.6795097,0.4434952,0.64577913,0.39438102,0.89010954,0.5863931,0.823789,0.42829672
0.12901074,0.40164155,0.17341156,0.49828568,0.1885657,0.4638392,0.32174245,0.5169031,0.32254994,0.4524107,0.33938512,0.45098308,0.3566737,0.40851292,0.45881107,0.56134194,0.45605728,0.52942765,0.6775942,0.45003387,0.6346391,0.38712677,0.87701553,0.58931667,0.81176573,0.44023055
0.11694201,0.3977601,0.17028171,0.4820338,0.18824917,0.45950204,0.30206233,0.49239793,0.31147057,0.44323292,0.38638934,0.40137717,0.38241738,0.35784584,0.45721072,0.54449695,0.45584062,0.51611567,0.6738364,0.4507025,0.63835996,0.39480627,0.87704366,0.59056026,0.8247876,0.4531011
0.139527,0.41068262,0.16791128,0.47922432,0.1796626,0.5131512,0.30921334,0.45901635,0.332009,0.514735,0.382998,0.3711513,0.41118297,0.4268074,0.4431593,0.5296601,0.45075265,0.5466436,0.67101717,0.45904073,0.6514211,0.43112424,0.86747223,0.61093426,0.8358489,0.48829305
0.13615267,0.41708004,0.15930685,0.45699745,0.17838414,0.54036015,0.3231977,0.4137519,0.31955588,0.53733075,0.41235211,0.2991404,0.368722,0.45586652,0.43091255,0.5096549,0.42840254,0.5605063,0.6779809,0.46166828,0.6513559,0.45316938,0.89161676,0.6037919,0.84538996,0.5023852
0.10813512,0.47225156,0.1520349,0.47028148,0.16889882,0.59170514,0.2867892,0.40409213,0.29069054,0.5950489,0.3821013,0.31461236,0.33513996,0.5147835,0.4155525,0.53561884,0.41792494,0.6105632,0.6730888,0.5006045,0.65785915,0.5230942,0.86433166,0.6203696,0.8279247,0.549401
0.120514914,0.49397108,0.16493882,0.4819149,0.18623292,0.6351632,0.2746416,0.40222886,0.30198818,0.615964,0.33427155,0.38621148,0.28896928,0.5324047,0.42609257,0.54818976,0.42566887,0.6379935,0.6815237,0.5287914,0.6637139,0.57346267,0.8741978,0.65305966,0.86112523,0.5910883
0.11246973,0.4847215,0.16707064,0.44244692,0.19020954,0.610822,0.28425816,0.4079605,0.29461446,0.59289736,0.25864002,0.44073907,0.26789594,0.5025198,0.43060854,0.5045054,0.4343693,0.60735023,0.6862258,0.5006381,0.67848647,0.55327255,0.8782287,0.613321,0.8742555,0.5608961
0.11202096,0.4779291,0.1888325,0.41555816,0.19543624,0.57820547,0.25918555,0.43417883,0.29110065,0.56778044,0.22488993,0.46523538,0.26973087,0.4926144,0.443191,0.47197458,0.44382784,0.5750312,0.69261277,0.4745017,0.68321526,0.5363849,0.86132646,0.5840213,0.88632286,0.5324779
0.13551208,0.47088134,0.20628491,0.40115058,0.21120648,0.55751336,0.28952822,0.43824142,0.3129063,0.5473909,0.2497766,0.45190576,0.3005909,0.49238762,0.46002445,0.45537585,0.45724228,0.55863,0.6897605,0.46188098,0.6762884,0.52709496,0.85007054,0.55624783,0.86127865,0.5362617
0.120623246,0.46993157,0.20391259,0.39583606,0.20359316,0.5663669,0.2237338,0.4337242,0.24409536,0.5565561,0.1735563,0.472285,0.1598358,0.57440776,0.46428567,0.45646957,0.46130788,0.56268406,0.7051148,0.46283957,0.69078505,0.54112226,0.85644674,0.5507308,0.8779311,0.54435265
0.12663539,0.46375656,0.21629183,0.40078902,0.21584523,0.5587656,0.21186696,0.44810665,0.2664048,0.581526,0.18576904,0.49339584,0.1909122,0.56192577,0.4793887,0.4491544,0.4751004,0.55972034,0.7168473,0.45511785,0.7015552,0.54682577,0.86567336,0.53190684,0.8800307,0.54822654
0.12405632,0.46134722,0.21528816,0.39359397,0.20705372,0.552265,0.21350677,0.4785245,0.2646757,0.600971,0.19684787,0.5662871,0.11802814,0.6414389,0.473885,0.44307223,0.46919426,0.55417895,0.7227563,0.4509627,0.70498735,0.5408483,0.8643214,0.48628563,0.89891064,0.55316645
0.13864775,0.4148932,0.21468274,0.36296025,0.21150851,0.5079959,0.20647514,0.41387942,0.261594,0.5875924,0.20995094,0.51115113,0.121958695,0.6189217,0.47262415,0.41350228,0.4694432,0.5233856,0.7090468,0.40326416,0.69912755,0.5159953,0.8580204,0.43793646,0.9088932,0.53923434
0.13057928,0.41353574,0.20252347,0.35738033,0.20289652,0.50669944,0.18186326,0.387056,0.24493173,0.58385605,0.1632668,0.44348434,0.12692699,0.61173373,0.46002445,0.4073821,0.45667547,0.5198093,0.6784958,0.38427308,0.68046564,0.5184881,0.8483061,0.38989094,0.8940203,0.5484766
0.10143862,0.42752245,0.194647,0.36850858,0.19177449,0.5131203,0.17455712,0.3919677,0.24318904,0.61187714,0.11759388,0.47077823,0.109661005,0.6154333,0.45547846,0.40858197,0.44991136,0.52261937,0.6854334,0.37974334,0.6727167,0.53341466,0.85211754,0.35811424,0.88339144,0.560354
0.1364061,0.43507177,0.21465178,0.3672355,0.21580894,0.50353366,0.15623966,0.40524405,0.26232618,0.615784,0.099109426,0.5118304,0.14101571,0.5842803,0.45898187,0.4050922,0.4586453,0.5162506,0.68672884,0.3731146,0.67868763,0.533571,0.8725082,0.34010252,0.8837878,0.5678945
0.16054751,0.4699477,0.20913157,0.39294356,0.24084683,0.52418417,0.107429765,0.42785403,0.2885494,0.6341574,0.10891629,0.4790775,0.16460411,0.5833304,0.46236846,0.4203327,0.46876305,0.5233342,0.6892233,0.37525418,0.6817853,0.54711246,0.88844943,0.3197769,0.88650626,0.5890604
0.14795639,0.46778995,0.21902631,0.39903373,0.2220786,0.53533393,0.18083584,0.42631492,0.30134895,0.6388119,0.14437352,0.49225584,0.19903548,0.5779902,0.46290705,0.42536294,0.46738958,0.5276973,0.6890405,0.37461567,0.68326384,0.557029,0.89155334,0.31474546,0.8890663,0.60464233
0.15848482,0.46456525,0.21568221,0.41359794,0.22677466,0.5349283,0.1419909,0.4386552,0.2957128,0.6551652,0.07760464,0.45528093,0.18817763,0.59929866,0.46098176,0.4278443,0.46590343,0.5306114,0.6813163,0.37511817,0.6800408,0.5748007,0.8910417,0.30176288,0.8857096,0.61901325
0.18413432,0.4718326,0.26445666,0.41770557,0.2603261,0.5330052,0.2560042,0.43082345,0.3388087,0.6472608,0.17499165,0.5032746,0.25083604,0.58516634,0.48720998,0.43461514,0.49193564,0.52690464,0.696647,0.39233074,0.69629437,0.5764314,0.8898574,0.31062114,0.8847673,0.6291356
0.15068108,0.47949255,0.23484816,0.41832197,0.22722015,0.5542461,0.21837528,0.45126694,0.3188176,0.665031,0.20521577,0.52463716,0.2132128,0.6129896,0.47227496,0.43115732,0.4768512,0.5324819,0.6868538,0.3887655,0.68002313,0.5914274,0.8848416,0.30023402,0.8755036,0.6475037
0.14749083,0.49055916,0.22911255,0.41444564,0.22838014,0.56572795,0.3057252,0.450659,0.33087412,0.66696036,0.25082564,0.5465531,0.24803743,0.6135249,0.47727013,0.42923918,0.4822597,0.5302544,0.69446844,0.39185882,0.6823465,0.6019018,0.88419724,0.31271198,0.8791443,0.6597649
0.14247411,0.493305,0.21277536,0.41948584,0.22844134,0.5575611,0.28420514,0.47626612,0.33905303,0.655784,0.21307568,0.56965905,0.2310615,0.61477816,0.46967822,0.4140023,0.4840431,0.52099735,0.69719803,0.39440855,0.68828493,0.6068821,0.89094305,0.31703737,0.88181746,0.6614411
0.12665096,0.5126681,0.20316947,0.42904788,0.2266909,0.56947905,0.21515928,0.4644469,0.33995166,0.6467496,0.20077255,0.55757535,0.2266259,0.6392511,0.46480885,0.4143315,0.4773429,0.5241805,0.6892682,0.3964,0.6863472,0.6186885,0.886832,0.3194553,0.87781525,0.6787993
0.12713638,0.5235962,0.19925211,0.43395936,0.215096,0.5590315,0.25617546,0.49030071,0.34573722,0.6280105,0.18866132,0.5676606,0.23101059,0.6435273,0.46429646,0.4059988,0.47415867,0.5163314,0.68143576,0.40047464,0.6809118,0.61520964,0.8890605,0.32366875,0.8730119,0.6788013
0.10941053,0.52735275,0.18108074,0.44359726,0.2124108,0.5719433,0.2140311,0.46046504,0.34217057,0.61698306,0.15514903,0.5572727,0.24213667,0.6410986,0.4513801,0.40452147,0.46214047,0.51306313,0.6779895,0.39971218,0.66716146,0.6218152,0.8799874,0.32885447,0.8697708,0.6742341
0.13104841,0.52243674,0.19197644,0.4479874,0.21561134,0.5650443,0.2198962,0.46698532,0.32594362,0.61973244,0.19337462,0.59321433,0.25230193,0.62155634,0.45450452,0.41137215,0.46505013,0.5208104,0.6772378,0.39850727,0.6624041,0.6177696,0.88743305,0.33287895,0.87152845,0.67272574
0.11293274,0.5192195,0.18807344,0.4393223,0.19388773,0.5575203,0.30557752,0.48975134,0.31930298,0.6252659,0.24068601,0.58368963,0.23902625,0.6246293,0.4428879,0.41030332,0.44960186,0.51323897,0.6702863,0.39402065,0.6505041,0.61965585,0.8805093,0.33480343,0.8590075,0.67025536
0.11891816,0.51042336,0.20230773,0.43419236,0.20768012,0.5602508,0.31746536,0.49359038,0.33522666,0.6153558,0.24573156,0.5619514,0.24751908,0.6236205,0.4484255,0.41511872,0.4533136,0.518018,0.67735815,0.39461005,0.6551175,0.61513406,0.89015085,0.3361164,0.86821645,0.6620466
0.13568015,0.50758785,0.21182011,0.4329532,0.21440184,0.5707215,0.32196367,0.49074742,0.35436472,0.6007707,0.26238117,0.5891166,0.26012263,0.6245028,0.44775647,0.4177694,0.45078042,0.52120394,0.674099,0.40301284,0.6541477,0.6161363,0.8813253,0.3417028,0.86876005,0.6675692
0.13503498,0.5187134,0.20642424,0.42697474,0.21211791,0.57312775,0.33036023,0.5011299,0.35966212,0.589798,0.2658861,0.6047149,0.26645544,0.6225969,0.4400547,0.4137161,0.4430561,0.5151501,0.6803122,0.4011888,0.6569785,0.61718243,0.89521074,0.33625397,0.8740177,0.66966724
0.1323547,0.5413126,0.2071197,0.4329037,0.21633701,0.5857869,0.32669348,0.47988668,0.36853644,0.58227193,0.27292597,0.5668731,0.27501538,0.6179167,0.44872785,0.4172264,0.45603186,0.5176039,0.6813551,0.4040054,0.65196335,0.62239325,0.8837055,0.33173454,0.85996956,0.6672204
0.15608595,0.52374804,0.22759482,0.43102583,0.22853039,0.57657015,0.33785456,0.50683254,0.33143005,0.6060298,0.26193327,0.5993847,0.25794035,0.6309614,0.4654456,0.4159144,0.47004795,0.51594234,0.6912701,0.40778103,0.6583491,0.6329914,0.89688045,0.33061644,0.8675017,0.68604755
0.13094303,0.53479195,0.20988862,0.42518327,0.21824922,0.58830327,0.31783068,0.45638427,0.37076047,0.58719724,0.25113398,0.5303227,0.45313916,0.5455951,0.4639211,0.40378627,0.47215447,0.5111148,0.68154526,0.39746052,0.65798676,0.6348715,0.8884542,0.31613153,0.8623462,0.69724953
0.14604001,0.5433402,0.21359995,0.42282945,0.22861205,0.5996804,0.33501324,0.44328907,0.37413588,0.595009,0.3072276,0.5253622,0.38537303,0.546467,0.4696867,0.41036063,0.48174837,0.51839846,0.6858302,0.39051136,0.6613792,0.6364245,0.88908863,0.31232905,0.86400604,0.7051928
0.14064969,0.5429775,0.20769915,0.4296457,0.22608611,0.60846686,0.33415073,0.45661318,0.3693473,0.59346616,0.30774796,0.5123392,0.35889545,0.5362977,0.46743807,0.41157895,0.47585332,0.5270738,0.6834653,0.3932083,0.66198325,0.63729316,0.8824107,0.30589604,0.86522424,0.711369
0.12564735,0.55201006,0.20162006,0.4460707,0.22263058,0.6172968,0.3224354,0.45721042,0.34160668,0.6154382,0.27139717,0.5294773,0.2970137,0.5524319,0.4633888,0.42380577,0.47090188,0.5398183,0.68178535,0.39549348,0.6735426,0.64708483,0.88311666,0.29829016,0.8777805,0.7137208
0.13453788,0.5637615,0.22152868,0.45314962,0.22341095,0.63512653,0.35347188,0.45210856,0.34958428,0.6353334,0.33474523,0.53955555,0.3962649,0.5858239,0.46441314,0.44467652,0.465048,0.5571273,0.69080967,0.40148667,0.6838732,0.65742296,0.89012074,0.29857484,0.897322,0.7127033
0.13354807,0.56821054,0.22330256,0.46595594,0.22415328,0.650721,0.35654622,0.46146747,0.34492636,0.6502818,0.3707556,0.5300423,0.39986995,0.60746735,0.45350298,0.46463567,0.45539394,0.57557774,0.68029404,0.41197175,0.6843731,0.6622199,0.8693844,0.29494599,0.8946825,0.70742977
0.12736495,0.5830627,0.21617538,0.47900158,0.21932702,0.67288023,0.35835198,0.4837302,0.33325934,0.6692738,0.41663107,0.53583163,0.42631114,0.6373573,0.43628782,0.48870867,0.4375566,0.5981626,0.67265344,0.42787287,0.67883635,0.675397,0.8695459,0.31243864,0.88767684,0.70754266
0.11978143,0.59161407,0.21630684,0.49139306,0.2162818,0.677452,0.36630836,0.48676962,0.36377183,0.6738344,0.4650551,0.5146247,0.44429943,0.63092554,0.43071637,0.4937276,0.43016472,0.6038371,0.66550165,0.4461053,0.6748156,0.6763049,0.8639633,0.32091445,0.8887574,0.70392704
0.11552758,0.5906576,0.20692343,0.49627733,0.20858753,0.6755485,0.36217374,0.4832192,0.3515178,0.67819834,0.4457888,0.5131037,0.42459357,0.6300542,0.42899397,0.49589154,0.4276668,0.6090216,0.66105336,0.45450443,0.6660171,0.6762938,0.85250515,0.3369424,0.88477266,0.6923282
0.1164696,0.58819085,0.20729324,0.4931795,0.20584428,0.6712142,0.3565675,0.48418576,0.34913257,0.67083216,0.44279018,0.51349425,0.42547724,0.61756724,0.42458716,0.4917061,0.42590192,0.6058854,0.6576125,0.461447,0.66375,0.65896666,0.84782827,0.35026678,0.88077337,0.672898
0.119822316,0.58605045,0.20626736,0.4935807,0.20420162,0.6716885,0.35755253,0.48530167,0.34364244,0.66904926,0.41246057,0.52933055,0.4136795,0.62114567,0.41720477,0.4905443,0.4183329,0.6081504,0.64808255,0.47021514,0.6657191,0.6585245,0.8535761,0.37500474,0.88205254,0.66295695
0.12177174,0.57001513,0.20072417,0.47372535,0.20069802,0.65419185,0.35079512,0.46647125,0.33993876,0.65100074,0.39657044,0.5138538,0.38988468,0.61517525,0.41248703,0.47542307,0.4143086,0.5895266,0.6440639,0.46122846,0.64642483,0.63908577,0.85557294,0.37942153,0.87709874,0.65139866
0.1325123,0.56182957,0.20611295,0.4763403,0.19975455,0.65092236,0.35383514,0.46257526,0.3193659,0.6460571,0.32392815,0.54403317,0.31133246,0.5870511,0.40814084,0.4659281,0.40451264,0.5780964,0.64307314,0.4674989,0.6449567,0.6373366,0.8566643,0.38526112,0.87899464,0.6501769
0.12342595,0.55424535,0.19402546,0.46521723,0.199214,0.6409872,0.33835673,0.4591937,0.34083745,0.6308597,0.3711932,0.5378835,0.38045695,0.5974625,0.405237,0.45270348,0.40504652,0.5679627,0.6517043,0.4605731,0.6484218,0.6369084,0.87044144,0.3817203,0.87809026,0.65171635
0.12742752,0.5436551,0.20569676,0.45575508,0.20584613,0.6354647,0.3456092,0.44741625,0.3325869,0.63120264,0.3679124,0.52093,0.37660185,0.5741812,0.40903103,0.44490352,0.41159347,0.5593711,0.65768033,0.4554159,0.65709347,0.6365316,0.88542557,0.39064154,0.88938975,0.659541
0.12685716,0.53514683,0.20533441,0.4347906,0.21822734,0.61688226,0.34876102,0.43406126,0.34369662,0.61583745,0.36570528,0.52183074,0.36988035,0.55814964,0.42437688,0.42611444,0.43007886,0.54369223,0.6693152,0.43716487,0.662471,0.6201381,0.89351547,0.37545723,0.88893735,0.66057754
0.14309,0.52872765,0.22001876,0.4281126,0.22563168,0.5985781,0.35131213,0.43168724,0.36467957,0.5990673,0.37041798,0.5204812,0.41165897,0.55241007,0.43048495,0.41127577,0.43469253,0.52746874,0.6783425,0.42962605,0.6646504,0.6181738,0.88644075,0.3577786,0.88293105,0.66169816
0.1396458,0.53164154,0.21866673,0.4285528,0.22308934,0.59563553,0.35901374,0.42566636,0.36999533,0.5968712,0.39170313,0.5176462,0.42572582,0.5461886,0.44356272,0.4082409,0.44541043,0.52937204,0.6881421,0.431328,0.6784735,0.62584347,0.90131295,0.34492597,0.8992384,0.682351
0.14311892,0.5248566,0.22295113,0.41190284,0.22874507,0.5914714,0.3711554,0.41610923,0.3815064,0.59165704,0.40789375,0.51320463,0.43186903,0.54375875,0.45705435,0.40560436,0.45962876,0.5220456,0.68067497,0.42662477,0.6721476,0.62429184,0.8931523,0.3376039,0.8969889,0.6588285
0.127798,0.5181599,0.21667027,0.41652578,0.2221222,0.5962545,0.3695977,0.42197645,0.3729513,0.6051344,0.41042942,0.5177276,0.43559054,0.55977076,0.45301005,0.4181737,0.45172337,0.53932315,0.6745374,0.43437114,0.6628644,0.637862,0.86995983,0.33619317,0.88467056,0.6606609
0.1369943,0.5125472,0.21778087,0.41432682,0.22254696,0.60162556,0.37802094,0.4185259,0.37942404,0.61678714,0.45943385,0.46696734,0.4406882,0.5836817,0.45981392,0.4340172,0.45156768,0.55273837,0.6785855,0.43630064,0.66363585,0.65261006,0.87315655,0.34090444,0.88013643,0.66116554
0.11857481,0.50419545,0.21303643,0.40573248,0.21170735,0.60663086,0.3737751,0.41511106,0.36666745,0.62072366,0.48220038,0.44507137,0.42651302,0.5858505,0.44319415,0.4523441,0.43447256,0.57261986,0.676881,0.43525308,0.6695763,0.6565052,0.8861143,0.34073353,0.8818532,0.6651924
0.11592936,0.49071738,0.20748904,0.39800748,0.20717876,0.5974743,0.37979743,0.4185132,0.3541464,0.6187724,0.4674762,0.44048634,0.43698284,0.57978636,0.4405958,0.4713471,0.43420103,0.59235173,0.67260474,0.4285312,0.6603342,0.6572321,0.88089716,0.34156406,0.87764025,0.6659388
0.12143161,0.47995096,0.21324052,0.3954004,0.20720506,0.58761173,0.38019282,0.4204575,0.35659,0.59997755,0.46479183,0.46998292,0.4599282,0.5860744,0.4351072,0.4903114,0.4302311,0.59988606,0.67226565,0.4312885,0.66566515,0.65037173,0.8805655,0.3557996,0.8765634,0.6665321
0.12930945,0.45555735,0.21922769,0.38596356,0.2044715,0.5660583,0.3766588,0.40357494,0.3492518,0.59339356,0.4649698,0.46165755,0.44126296,0.5679707,0.42661333,0.48800948,0.4188773,0.6104773,0.67066026,0.42150864,0.67077345,0.63364166,0.892631,0.35725722,0.87985235,0.66409856
0.13194555,0.4387168,0.21845967,0.3817012,0.19715986,0.54722863,0.3878251,0.38211286,0.32643518,0.5646931,0.39768878,0.43909618,0.3467208,0.49934325,0.42681074,0.49659723,0.4176912,0.6083633,0.66937846,0.41500002,0.66803855,0.61527616,0.8935129,0.38081983,0.8774955,0.663995
0.13466184,0.41592923,0.2130569,0.36877948,0.1980384,0.5155848,0.37450546,0.34487715,0.31452417,0.515783,0.25160882,0.3199284,0.28715217,0.4329672,0.4458034,0.49363562,0.4330712,0.5987216,0.65992934,0.40014672,0.66116124,0.5845834,0.88270646,0.3886237,0.86808795,0.64994776
0.14504431,0.41608155,0.21793896,0.39447752,0.20232704,0.52065194,0.36324424,0.3475957,0.32038015,0.4848708,0.24897829,0.2890302,0.26188454,0.41712657,0.4459936,0.52125233,0.43577802,0.62554836,0.65940225,0.41766188,0.6723188,0.6040531,0.89583147,0.4413084,0.88004994,0.66626394
0.13743198,0.42787638,0.20362842,0.41132566,0.19816028,0.5358918,0.3520338,0.38780612,0.3279159,0.5068405,0.31899402,0.28148708,0.28983974,0.428795,0.4414786,0.5570338,0.43173996,0.65602595,0.6610019,0.4450664,0.66392833,0.6240234,0.8904175,0.47490093,0.8672496,0.68845576
0.14863534,0.43942657,0.20290619,0.434236,0.2107197,0.55790496,0.34775028,0.4043307,0.34544408,0.5505692,0.30806214,0.2879359,0.32836688,0.48310193,0.45348808,0.5836997,0.44595602,0.67758733,0.67109185,0.46074966,0.6617951,0.6290282,0.89582264,0.49037308,0.8570777,0.7053974
0.14117396,0.42529568,0.18889177,0.4491985,0.19285843,0.5360074,0.32913357,0.39458644,0.31737098,0.4960368,0.28929383,0.2740565,0.2715478,0.42728347,0.43960804,0.5919173,0.43114936,0.66991293,0.6574575,0.46235052,0.640818,0.617473,0.89206177,0.49646783,0.8186917,0.72935534
0.148899,0.39923683,0.1858315,0.4558382,0.19243176,0.5200074,0.32311434,0.40961948,0.31855372,0.4614049,0.27866295,0.28210062,0.27866736,0.30846858,0.439824,0.5955418,0.43237367,0.6672834,0.6488838,0.46057254,0.6342748,0.6020694,0.8831808,0.4997145,0.7902109,0.7455775
0.15588953,0.39525387,0.20455612,0.46383256,0.20054023,0.4903131,0.3050644,0.40540823,0.30291757,0.4171383,0.25406736,0.28200516,0.2689425,0.29515356,0.44985408,0.5879775,0.44117874,0.64736253,0.6555843,0.4409885,0.6380768,0.58552814,0.88388854,0.47722337,0.7865062,0.74660206
0.21512723,0.3930573,0.19927332,0.4594012,0.21235992,0.4833045,0.2789128,0.4104434,0.2865924,0.42203256,0.2319599,0.29799822,0.25349566,0.2969534,0.44493377,0.5807326,0.44237718,0.62813854,0.6555036,0.42285615,0.6373579,0.5743433,0.8978502,0.46486795,0.7869158,0.7491768
0.16952142,0.37941572,0.13362324,0.43755722,0.17684673,0.48300135,0.23351152,0.41066322,0.2716755,0.4216298,0.20384018,0.29082662,0.21291281,0.308374,0.41204137,0.56979156,0.40586963,0.62990063,0.63340473,0.39288166,0.6135391,0.5621967,0.875778,0.4442395,0.7748207,0.74744713
0.11887301,0.33176023,0.14479834,0.42292634,0.15783362,0.45429334,0.23198241,0.28962,0.2777467,0.39378378,0.14873211,0.3281018,0.19563536,0.3217051,0.4126106,0.5534625,0.40518022,0.6204331,0.6382167,0.3699659,0.6261435,0.5447576,0.89536536,0.42516768,0.78692675,0.7204544
0.12884338,0.34510252,0.18807216,0.41693312,0.17473611,0.4569075,0.2723948,0.31856015,0.2692881,0.46633303,0.21071489,0.37624168,0.19896738,0.3782959,0.43161348,0.54685676,0.42306766,0.6082137,0.63661325,0.3701474,0.6355681,0.5385159,0.87841845,0.42304167,0.79414946,0.70762974
0.13343824,0.35071686,0.2296542,0.39383626,0.16200928,0.4675798,0.3324503,0.3152097,0.050525796,0.53099483,0.22190514,0.3831379,0.12730291,0.4697728,0.45582345,0.53893864,0.43673077,0.6047724,0.641513,0.35975757,0.6462235,0.530393,0.8931476,0.41391402,0.79707646,0.70329833
0.20369917,0.35235617,0.24217477,0.41752076,0.22484945,0.4580479,0.38100657,0.3622155,0.31973493,0.48669803,0.3720496,0.3795719,0.31018603,0.45149478,0.48911518,0.53610486,0.4796976,0.58022505,0.66224927,0.3679333,0.6618848,0.5256211,0.88158655,0.4124156,0.80602956,0.6738587
0.13979968,0.33430377,0.18237604,0.41331455,0.17760934,0.44351953,0.36347038,0.36933112,0.32248622,0.4260848,0.36439878,0.34068093,0.3560402,0.36382243,0.45155442,0.5330888,0.4461918,0.5779068,0.6475933,0.34694248,0.6369648,0.5232984,0.888777,0.3899706,0.800577,0.6885166
0.14119987,0.34848672,0.1743222,0.43225724,0.18195646,0.43294638,0.32725984,0.44073692,0.32086542,0.44186893,0.41107583,0.375135,0.39727858,0.38815692,0.45933974,0.5381558,0.4560593,0.57193476,0.6510528,0.3477526,0.62820375,0.530523,0.88136256,0.38057697,0.79453474,0.6840701
0.1467487,0.35691205,0.15833646,0.4263147,0.17334118,0.47025213,0.3226202,0.43313497,0.32457924,0.4651377,0.42895487,0.34076154,0.44148582,0.38415897,0.45336914,0.51504856,0.45870814,0.58208793,0.66365826,0.33843133,0.630351,0.53549844,0.8845435,0.37079534,0.8033611,0.66773677
0.14148256,0.37948427,0.16036423,0.4252299,0.17495474,0.520777,0.33763263,0.4226277,0.33661228,0.5237903,0.46410397,0.33632213,0.45525986,0.48350725,0.44788453,0.51038504,0.4500694,0.60121435,0.6626939,0.3488871,0.62197083,0.5422566,0.88254344,0.36850327,0.8045671,0.6671559
0.12805848,0.4009521,0.17936836,0.41701144,0.17447539,0.5522964,0.34819233,0.4074269,0.31823182,0.5623873,0.46500683,0.3270264,0.4354121,0.5136984,0.44180924,0.5040161,0.44165948,0.6081655,0.66316605,0.3634137,0.6223494,0.56158435,0.8889807,0.3702584,0.8143516,0.6696813
0.12015223,0.43787098,0.17973311,0.41876704,0.16662195,0.5802728,0.35527498,0.39901298,0.30468744,0.5906521,0.35173818,0.42354906,0.33913973,0.52673537,0.44569358,0.5091317,0.44239008,0.61285204,0.66523635,0.37567836,0.6160958,0.5814507,0.87725586,0.37888306,0.8159555,0.6679856
0.11834112,0.44918993,0.1919497,0.39794996,0.1713639,0.5758227,0.32845458,0.40340236,0.31627277,0.5793056,0.31909636,0.47292382,0.3200591,0.52907443,0.44411638,0.48802137,0.43714663,0.5958646,0.6726145,0.3726616,0.62602127,0.5741435,0.8823988,0.3608481,0.8207855,0.6465498
0.10930386,0.4716862,0.1768578,0.417711,0.17025258,0.58569634,0.29626665,0.43557888,0.29473007,0.5762619,0.28119022,0.46935555,0.27708483,0.507742,0.44334537,0.4944619,0.44050458,0.59598875,0.6743173,0.37731427,0.62899774,0.57991904,0.8804715,0.35482138,0.8243884,0.6376918
